domain,base_url,email_general,phone_general,tg,vk,youtube,instagram,inn,ogrn,kpp,lms_detected,main_category,about_pages,last_crawled_utc,source,icp_score,priority
3nitypsy.ru,https://3nitypsy.ru,info@3nitypsy.ru,81401645499,https://t.me/IlAnEd,,,,631608015706,,,getcourse,Languages,https://3nitypsy.ru/legal;https://3nitypsy.ru/privacypolicy,2026-09-18T15:36:14Z,sources.txt,75,A
a-check.ru,https://a-check.ru,,,https://t.me/nikitacarsDE,,https://www.youtube.com/watch?v=nAbUbKxplAI,https://www.instagram.com/autotechnik152?igsh=MWh6cjRpb3gxbmhjMg%3D%3D&utm_source=qr,,,,getcourse,IT,,2026-09-18T15:36:16Z,sources.txt,35,B
a-edu.ru,https://a-edu.ru,info@a-edu.ru,81821141528,https://t.me/AlgorithmSchool,https://vk.com/algorithmschool,,,,,,tilda_site,IT,https://a-edu.ru/o-shkole/smi-o-nas;https://a-edu.ru/docs;https://a-edu.ru#contacts;https://a-edu.ru/contacts,2026-09-18T15:36:23Z,sources.txt,65,A
academybody.ru,https://academybody.ru,info@academybody.ru,81401645499,,,,,233008785953,,,getcourse,Languages,https://academybody.ru/contact;https://academybody.ru/about,2026-09-18T15:36:28Z,sources.txt,65,A
academyorator.ru,https://academyorator.ru,,80065061813,,,,,,,,getcourse,IT,https://academyorator.ru/about;https://academyorator.ru/cms/system/contact,2026-09-18T15:36:34Z,sources.txt,35,B
aglashay.com,https://aglashay.com,aglashay.group@gmail.com,88205756998,https://t.me/aglashevich_channel,https://vk.com/share.php?url=,https://www.youtube.com/@Aglashevich,https://instagram.com/pavel.aglashevich?igshid=NTc4MTIwNjQ2YQ==,470617476557,,,getcourse,IT,https://aglashay.com/contacts;http://aglashay.com/aboutme;https://aglashay.com/oferta;https://aglashay.com/politic;https://aglashay.com/aboutme,2026-09-18T15:36:40Z,sources.txt,75,A
aigulbatyrshina.ru,https://aigulbatyrshina.ru,aigulbatyrshina@yandex.ru,81401645499,https://t.me/aigulbatyrshina.ru,,,,164305177755,,,getcourse,IT,https://aigulbatyrshina.ru/about;https://aigulbatyrshina.ru/oferta;https://aigulbatyrshina.ru/cms/system/contact,2026-09-18T15:36:46Z,sources.txt,75,A
aiinteriorlab.ru,https://aiinteriorlab.ru,,+7 993 132 71 17,,,,,,,,unknown,Other,https://aiinteriorlab.ru#contacts,2026-09-18T15:36:51Z,sources.txt,10,C
airattulbaev.ru,https://airattulbaev.ru,aatulbaev@mail.ru,81401645499,,,,,183111728789,,,getcourse,IT,https://airattulbaev.ru/cms/system/contact;https://airattulbaev.ru/oferta,2026-09-18T15:36:56Z,sources.txt,65,A
albus-school.ru,https://albus-school.ru,,,,,,,,,,getcourse,IT,https://albus-school.ru/cms/system/contact;https://albus-school.ru/about,2026-09-18T15:37:01Z,sources.txt,25,C
alevtinka.online,https://alevtinka.online,,,,,,,,,,getcourse,IT,https://alevtinka.online/cms/system/contact;https://alevtinka.online/about,2026-09-18T15:37:07Z,sources.txt,25,C
alexandrakhramova.com,https://alexandrakhramova.com,,,,,,,,,,getcourse,Languages,https://alexandrakhramova.com/about,2026-09-18T15:37:12Z,sources.txt,25,C
alexandrakorchagina.online,https://alexandrakorchagina.online,,,,,,,,,,getcourse,IT,https://alexandrakorchagina.online/about;https://alexandrakorchagina.online/cms/system/contact,2026-09-18T15:37:19Z,sources.txt,25,C
alexandravereteno.ru,https://alexandravereteno.ru,info@alexandravereteno.ru,88283261000,https://t.me/alexandravereteno,https://vk.com/alexandravereteno,https://www.youtube.com/channel/UCxlk-EDuryi5q_GcZEUZufg,,550520020175,,,getcourse,IT,https://alexandravereteno.ru/oferta;https://alexandravereteno.ru/privacy-policy,2026-09-18T15:37:24Z,sources.txt,75,A
alinakirillova.ru,https://alinakirillova.ru,kirillova.a14@gmail.com,81401645499,,,,,7710140679,,,getcourse,IT,https://alinakirillova.ru/about;https://alinakirillova.ru/oferta,2026-09-18T15:37:30Z,sources.txt,65,A
alinakisina.pro,https://alinakisina.pro,,,,,,,,,,getcourse,Languages,https://alinakisina.pro/about,2026-09-18T15:37:35Z,sources.txt,25,C
allabelyavskaya.ru,https://allabelyavskaya.ru,as.belyavskaya@gmail.com,80329835439,https://t.me/allabeliavskaia,https://vk.com/allabelyavskaya,https://www.youtube.com/@allabelyavskaya,https://instagram.com/alla.belyavskaya.live,366606036080,,,getcourse,IT,https://allabelyavskaya.ru/contacts;https://allabelyavskaya.ru/oferta;https://allabelyavskaya.ru/contacts/;https://allabelyavskaya.ru/oferta/;https://allabelyavskaya.ru/contact,2026-09-18T15:37:48Z,sources.txt,75,A
allazova.school,https://allazova.school,neurograff.tex@gmail.com,80683002967,,,,,503103829790,,,getcourse,IT,https://allazova.school/about;https://allazova.school/oferta;https://allazova.school/privacy;https://allazova.school/cms/system/contact,2026-09-18T15:37:53Z,sources.txt,65,A
alsukamakaeva.ru,https://alsukamakaeva.ru,,,,,,,,,,getcourse,IT,https://alsukamakaeva.ru/cms/system/contact;https://alsukamakaeva.ru/about,2026-09-18T15:37:59Z,sources.txt,25,C
alybodrova.ru,https://alybodrova.ru,,,,,,,,,,getcourse,IT,https://alybodrova.ru/cms/system/contact;https://alybodrova.ru/about,2026-09-18T15:38:04Z,sources.txt,25,C
americanaccent.ru,https://americanaccent.ru,american_accent@mail.ru,81401645499,,,,,774333892710,,,getcourse,IT,https://americanaccent.ru/cms/system/contact;https://americanaccent.ru/oferta;https://americanaccent.ru/about,2026-09-18T15:38:10Z,sources.txt,65,A
amicourses.ru,https://amicourses.ru,info@amicourses.ru,81401645499,,,,,781613770603,,,getcourse,IT,https://amicourses.ru/about,2026-09-18T15:38:15Z,sources.txt,65,A
anaitpsychology.ru,https://anaitpsychology.ru,anaitgrigoryan@anaitpsychology.ru,81401645499,https://t.me/anaitpsychology,,,,507408103908,,,getcourse,IT,https://anaitpsychology.ru/personal-data-processing-policy;https://anaitpsychology.ru/about;https://anaitpsychology.ru/contacts;https://anaitpsychology.ru/public-offer-contract,2026-09-18T15:38:21Z,sources.txt,75,A
anastasia-art-school.ru,https://anastasia-art-school.ru,feodora.2020@gmail.com,81401645499,,,,,503214427409,,,getcourse,IT,https://anastasia-art-school.ru/oferta;https://anastasia-art-school.ru/cms/system/contact;https://anastasia-art-school.ru/about,2026-09-18T15:38:27Z,sources.txt,65,A
anastasiyastetsenko.ru,https://anastasiyastetsenko.ru,,,,,,,,,,getcourse,IT,https://anastasiyastetsenko.ru/cms/system/contact;https://anastasiyastetsenko.ru/about,2026-09-18T15:38:32Z,sources.txt,25,C
andreyprodetey.ru,https://andreyprodetey.ru,andrey_pro_detey@mail.ru,83302528317,https://t.me/andrey_pro_detey,,,https://www.instagram.com/andrey_pro_detey?igsh=ZDdxNDJucmliMnho&utm_source=qr,780542882715,,,getcourse,IT,http://andreyprodetey.ru/page59314687.html;http://andreyprodetey.ru/page59313757.html,2026-09-18T15:38:39Z,sources.txt,75,A
anetamorochko.ru,https://anetamorochko.ru,,,,,,,,,,getcourse,Languages,https://anetamorochko.ru/about,2026-09-18T15:38:45Z,sources.txt,25,C
anfinogenov.pro,https://anfinogenov.pro,mikhail@anfinogenov.pro,83205161693,,https://vk.com/anfinogenovmikhail,https://www.youtube.com/@CorrectTables,,972702408210,,,getcourse,IT,https://anfinogenov.pro/oferta;https://anfinogenov.pro/policy,2026-09-18T15:38:52Z,sources.txt,75,A
anis-school.art,https://anis-school.art,info@anis-school.art,81401645499,,,,,782505323423,,,getcourse,Languages,https://anis-school.art/oferta;https://anis-school.art/privacy;https://anis-school.art/about,2026-09-18T15:38:57Z,sources.txt,65,A
annabouchaiba.com,https://annabouchaiba.com,anna.bouchaiba@gmail.com,81401645499,,,https://www.youtube.com/watch?v=CN56P69olEE&amp;list=PLVFRAQl5g2t-wnsI-EfoOcXZ_-IeB7YH6&amp;index=8&amp;ab_channel=SvenskamedAnna,,740304492430,,,getcourse,Languages,https://annabouchaiba.com/about,2026-09-18T15:39:02Z,sources.txt,75,A
annakuritcyna.com,https://annakuritcyna.com,info@annakuritcyna.com,86631303963,https://t.me/annakuritcyna_kanal,https://vk.com/club28551474,,,370223692100,,,getcourse,IT,https://school.annakuritcyna.com/cms/system/contact;https://annakuritcyna.com/oferta,2026-09-18T15:39:08Z,sources.txt,75,A
annasedelnikova.ru,https://annasedelnikova.ru,Sa2071155@yandex.ru,83136616464,https://t.me/sedelnikova_anna,,,,,,,tilda_site,IT,https://annasedelnikova.ru/data;https://annasedelnikova.ru/#aboutAnna,2026-09-18T15:39:15Z,sources.txt,65,A
annashestopalova.ru,https://annashestopalova.ru,anna.powerbi@yandex.ru,81401645499,https://t.me/annashestopalova_school,https://vk.com/annashestopalova_school,https://www.youtube.com/@annashestopalova,,501210649703,,,getcourse,IT,https://annashestopalova.ru/about;https://annashestopalova.ru/course_offer;https://annashestopalova.ru#anchor_about;https://annashestopalova.ru#contacts;https://annashestopalova.ru/personal_data_policy,2026-09-18T15:39:20Z,sources.txt,75,A
anokhina-stylelab.ru,https://anokhina-stylelab.ru,,81401645499,,,,,772579825894,,,getcourse,Languages,https://anokhina-stylelab.ru/about;https://anokhina-stylelab.ru/oferta,2026-09-18T15:39:25Z,sources.txt,45,B
antiage-academy.online,https://antiage-academy.online,,81401645499,,,,,143501344380,,,getcourse,Languages,https://antiage-academy.online/oferta;https://antiage-academy.online/about,2026-09-18T15:39:30Z,sources.txt,45,B
antroposchool.ru,https://antroposchool.ru,,,,,,,,,,getcourse,IT,https://antroposchool.ru/cms/system/contact;https://antroposchool.ru/about,2026-09-18T15:39:36Z,sources.txt,25,C
aprofitness.ru,https://aprofitness.ru,alisa08kash@gmail.com,81401645499,https://t.me/alisa_lebed,,,https://www.instagram.com/alisa_lebed/,222213315430,,,getcourse,IT,https://aprofitness.ru/oferta;https://aprofitness.ru/contact;https://aprofitness.ru/about;https://aprofitness.ru/cms/system/contact,2026-09-18T15:39:42Z,sources.txt,75,A
aquababyschool.ru,https://aquababyschool.ru,,81401645499,,,,,245906513940,,,getcourse,IT,https://aquababyschool.ru/cms/system/contact;https://aquababyschool.ru/contacts;https://aquababyschool.ru/about,2026-09-18T15:39:48Z,sources.txt,45,B
arazumovskaya.ru,https://arazumovskaya.ru,,,,,,,,,,getcourse,IT,https://arazumovskaya.ru/cms/system/contact;https://arazumovskaya.ru/about,2026-09-18T15:39:54Z,sources.txt,25,C
armine-aeroflex.ru,https://armine-aeroflex.ru,madam.potikyan@yandex.ru,80802174315,,,,,472005915280,,,getcourse,IT,https://school.armine-aeroflex.ru/oferta;https://school.armine-aeroflex.ru/privacypolicy,2026-09-18T15:40:01Z,sources.txt,65,A
arpacademy.ru,https://arpacademy.ru,,,,https://vk.com/rtrg?p=VK-RTRG-1763854-2qvhU,,,,,,getcourse,IT,https://arpacademy.ru/about;https://arpacademy.ru/cms/system/contact,2026-09-18T15:40:07Z,sources.txt,35,B
artboxstudio.ru,https://artboxstudio.ru,info@artboxstudio.ru,83232303664,https://t.me/artboxschool,,https://www.youtube.com/channel/UC212QiC-8nyt6lWUBaBYrBQ,https://www.instagram.com/art_box_school/,,,,getcourse,IT,https://artboxstudio.ru/oferta,2026-09-18T15:40:11Z,sources.txt,65,A
as-stasi.ru,https://as-stasi.ru,,,,,,,,,,getcourse,Languages,https://as-stasi.ru/about,2026-09-18T15:40:16Z,sources.txt,25,C
astra108.ru,https://astra108.ru,,,,,,,,,,getcourse,IT,https://astra108.ru/about,2026-09-18T15:40:22Z,sources.txt,25,C
astrolog-eliseeva.ru,https://astrolog-eliseeva.ru,astrologeliseeva@yandex.ru,81401645499,,,,,244705353892,,,getcourse,Languages,https://astrolog-eliseeva.ru/about;https://astrolog-eliseeva.ru/oferta;https://astrolog-eliseeva.ru/cms/system/contact,2026-09-18T15:40:28Z,sources.txt,65,A
astromarya.by,https://astromarya.by,info@astromarya.by,86051965132,https://t.me/astromaryachannel,https://vk.com/proastrobazi,,https://www.instagram.com/chinara.chinara.796/?igshid=YmMyMTA2M2Y%3D,,,,getcourse,IT,https://astromarya.by#popup:infoblock8,2026-09-18T15:40:33Z,sources.txt,65,A
astropraktik.ru,https://astropraktik.ru,mail@astropraktik.ru,81401645499,,,https://www.youtube.com/embed/_PIjqpgx4ZQ,,502900249333,,,getcourse,Languages,https://astropraktik.ru/offer;https://astropraktik.ru/privacy_policy;https://astropraktik.ru/oferta;https://astropraktik.ru/about,2026-09-18T15:40:39Z,sources.txt,75,A
astroprofit.ru,https://astroprofit.ru,info@astroprofit.ru,81401645499,,,,,773507071463,,,getcourse,Languages,https://astroprofit.ru/contacts;https://astroprofit.ru/about,2026-09-18T15:40:45Z,sources.txt,65,A
atmaland.ru,https://atmaland.ru,,,,,,,,,,getcourse,IT,https://atmaland.ru/about,2026-09-18T15:40:51Z,sources.txt,25,C
autocad-prosto.ru,https://autocad-prosto.ru,,+79997869939,https://t.me/mr_svet,https://vk.com/autocadprosto,https://www.youtube.com/embed/gx3NfjF70k0?si=PXKn31DfHCs-cHZp,,,,,unknown,Other,,2026-09-18T15:40:56Z,sources.txt,20,C
azaliya-ruff.ru,https://azaliya-ruff.ru,azaliyaruff@gmail.com,80281030000,,,,,027004435946,,,getcourse,IT,https://azaliya-ruff.ru/oferta;https://azaliya-ruff.ru/cookie-policy;https://azaliya-ruff.ru/about;https://azaliya-ruff.ru/cms/system/contact,2026-09-18T15:41:02Z,sources.txt,65,A
back-school.online,https://back-school.online,,,,,,,,,,getcourse,Languages,,2026-09-18T15:41:07Z,sources.txt,25,C
balancebybarbaris.ru,https://balancebybarbaris.ru,info@balancebybarbaris.ru,81401645499,,,,,772352592243,,,getcourse,Languages,https://balancebybarbaris.ru/about;https://balancebybarbaris.ru/oferta,2026-09-18T15:41:12Z,sources.txt,65,A
barnowski.ru,https://barnowski.ru,,,,,,,,,,getcourse,Languages,https://barnowski.ru/about,2026-09-18T15:41:19Z,sources.txt,25,C
be-balanced.ru,https://be-balanced.ru,info@be-balanced.ru,81401645499,,,,,503809923435,,,getcourse,IT,https://be-balanced.ru/cms/system/contact;https://be-balanced.ru/oferta;https://be-balanced.ru/about,2026-09-18T15:41:26Z,sources.txt,65,A
befitschool.ru,https://befitschool.ru,,,,,,,,,,getcourse,IT,https://befitschool.ru/cms/system/contact;https://befitschool.ru/about,2026-09-18T15:41:32Z,sources.txt,25,C
beinstream.ru,https://beinstream.ru,,,,,,,,,,getcourse,IT,https://beinstream.ru/cms/system/contact;https://beinstream.ru/about,2026-09-18T15:41:37Z,sources.txt,25,C
berebooted.ru,https://berebooted.ru,info@berebooted.ru,82299345296,https://t.me/projects_trua_bot,https://vk.com/trua_health,,https://www.instagram.com/trua_health,500117680432,,,getcourse,IT,https://berebooted.ru/about;https://berebooted.ru/legal,2026-09-18T15:41:43Z,sources.txt,75,A
bernatcolor.pro,https://bernatcolor.pro,nalima225@gmail.com,81401645499,,,,,670004063228,,,getcourse,Languages,https://bernatcolor.pro/about;https://bernatcolor.pro/privacypolicy;https://bernatcolor.pro/legal,2026-09-18T15:41:48Z,sources.txt,65,A
blenderverse.ru,https://blenderverse.ru,,,,,,,,,,getcourse,IT,https://blenderverse.ru/cms/system/contact;https://blenderverse.ru/about,2026-09-18T15:41:53Z,sources.txt,25,C
bluebirdmoney.online,https://bluebirdmoney.online,mail@example.com,83537613636,,,,,,,,tilda_site,IT,,2026-09-18T15:41:58Z,sources.txt,55,A
bluesguide-school.ru,https://bluesguide-school.ru,,,,,,,,,,getcourse,IT,https://bluesguide-school.ru/about;https://bluesguide-school.ru/cms/system/contact,2026-09-18T15:42:04Z,sources.txt,25,C
bodyscience.online,https://bodyscience.online,,,,,,,,,,getcourse,IT,https://bodyscience.online/cms/system/contact;https://bodyscience.online/about,2026-09-18T15:42:10Z,sources.txt,25,C
bogomolovaschool.ru,https://bogomolovaschool.ru,anna-bogi@mail.ru,81401645499,,,,,550206756445,,,getcourse,IT,https://bogomolovaschool.ru/about;https://bogomolovaschool.ru/cms/system/contact;https://bogomolovaschool.ru/oferta,2026-09-18T15:42:16Z,sources.txt,65,A
boldyrevguitarschool.ru,https://boldyrevguitarschool.ru,hello@boldyrevguitarschool.ru,81401645499,https://t.me/boldyrev_guitar_school,https://vk.com/fingerstyleschool,https://www.youtube.com/c/NikitaBoldyrev,https://www.instagram.com/boldyrev_guitar_school,773431422302,1197746675170,773101001,getcourse,Languages,https://boldyrevguitarschool.ru/about;https://boldyrevguitarschool.ru/contacts;https://boldyrevguitarschool.ru/policy;https://boldyrevguitarschool.ru/oferta,2026-09-18T15:42:21Z,sources.txt,75,A
boost-your-hsk.ru,https://boost-your-hsk.ru,annalysenko21@gmail.com,84951802000,https://t.me/annni_hsk,,https://youtube.com/@annni_a?si=PaSN6yS3fIqfuoOT,https://www.instagram.com/by.annnia?igsh=MWdvM2g3bTg1ZXFtNQ%3D%3D&amp;utm_source=qr,262608315869,,,getcourse,IT,https://boost-your-hsk.ru/offer;https://boost-your-hsk.ru/policy;https://boost-your-hsk.ru#rec1768789001,2026-09-18T15:42:27Z,sources.txt,75,A
boreo2.ru,https://boreo2.ru,boldarev22@mail.ru,+79178185444,,,,,633039103489,,,getcourse,Languages,https://boreo2.ru/cookie-policy;https://boreo2.ru/about;https://boreo2.ru/oferta,2026-09-18T15:42:34Z,sources.txt,65,A
breathing-with-olesya.ru,https://breathing-with-olesya.ru,,,,,,,,,,getcourse,Languages,https://breathing-with-olesya.ru/about,2026-09-18T15:42:39Z,sources.txt,25,C
bukhonina.ru,https://bukhonina.ru,,,,,,,,,,getcourse,IT,https://bukhonina.ru/about;https://bukhonina.ru/cms/system/contact,2026-09-18T15:42:44Z,sources.txt,25,C
businessfromair.ru,https://businessfromair.ru,,,,,,,,,,getcourse,IT,https://businessfromair.ru/about,2026-09-18T15:42:49Z,sources.txt,25,C
bystrik.online,https://bystrik.online,,81401645499,https://t.me/bystrikschoolonline,,,,770600213237,,,getcourse,IT,https://bystrik.online/oferta-ru;https://bystrik.online/cms/system/legal;https://bystrik.online/contact;https://bystrik.online/PRIVACY_EN,2026-09-18T15:42:55Z,sources.txt,55,A
calligraphyok.ru,https://calligraphyok.ru,,,,,,,,,,getcourse,Languages,https://calligraphyok.ru/about,2026-09-18T15:43:00Z,sources.txt,25,C
chemrova.online,https://chemrova.online,chemrova.anna@gmail.com,81401645499,,,,,366115235800,,,getcourse,IT,https://chemrova.online/about;https://chemrova.online/privacy;https://chemrova.online/oferta;https://chemrova.online/cms/system/contact,2026-09-18T15:43:06Z,sources.txt,65,A
chernovanails.ru,https://chernovanails.ru,,,,,,,,,,getcourse,IT,https://chernovanails.ru/about;https://chernovanails.ru/cms/system/contact,2026-09-18T15:43:12Z,sources.txt,25,C
chertanova.ru,https://chertanova.ru,,,,,,,,,,getcourse,IT,https://chertanova.ru/cms/system/contact;https://chertanova.ru/about,2026-09-18T15:43:19Z,sources.txt,25,C
childsleep.club,https://childsleep.club,darya.birzhakova@gmail.com,81401645499,,,,,662105619572,,,getcourse,IT,https://childsleep.club/oferta;https://childsleep.club/about;https://childsleep.club/cms/system/contact,2026-09-18T15:43:24Z,sources.txt,65,A
chistycontent.ru,https://chistycontent.ru,info@chistycontent.ru,81401645499,https://t.me/chistycontent_bot,https://vk.com/chisty_content_ru,,,861902274643,,,getcourse,Languages,https://chistycontent.ru/about;https://chistycontent.ru/,2026-09-18T15:43:30Z,sources.txt,75,A
chudozefir.com,https://chudozefir.com,info@chudozefir.com,81401645499,,,,,544512581146,,,getcourse,IT,https://chudozefir.com/about;https://chudozefir.com/oferta,2026-09-18T15:43:36Z,sources.txt,65,A
compassnew.ru,http://compassnew.ru,,,,,,,,,,unknown,Other,,2026-09-18T15:43:40Z,sources.txt,0,C
consultant.ru,https://consultant.ru,Rating@Mail.ru,88657790531,https://t.me/consultant_plus,https://vk.com/consultantplus.comp,,,,,,unknown,IT,https://www.consultant.ru/about/software/;https://www.consultant.ru/about/purchase/;https://consultant.ru/cookies/policy/;https://consultant.ru/legalnews/32583/;https://consultant.ru/about/software/booker/;https://www.consultant.ru/about/purchase/price/,2026-09-18T15:43:47Z,sources.txt,50,B
course-slovodoctora.ru,https://course-slovodoctora.ru,i@alisapopova.ru,89659050450,,,,,660901975800,,,getcourse,IT,https://course-slovodoctora.ru/cms/system/contact;https://course-slovodoctora.ru/about;https://course-slovodoctora.ru/oferta,2026-09-18T15:43:53Z,sources.txt,65,A
coursera.org,https://coursera.org,30a9479cb157432e9647d3d6531d2a7b@o75955.ingest.sentry.io,82342530772,,,"https://www.youtube.com/user/coursera&quot;,&quot;namespace&quot;:{&quot;action&quot;:&quot;click&quot;,&quot;app&quot;:&quot;front_page&quot;,&quot;component&quot;:&quot;youtube_link&quot;,&quot;page&quot;:&quot;front_page_story&quot;},&quot;schema_","https://www.instagram.com/coursera/&quot;,&quot;namespace&quot;:{&quot;action&quot;:&quot;click&quot;,&quot;app&quot;:&quot;front_page&quot;,&quot;component&quot;:&quot;instagram_link&quot;,&quot;page&quot;:&quot;front_page_story&quot;},&quot;schema_",,,,unknown,IT,https://coursera.org/about/affiliates;https://coursera.org/about/cookies-manage;https://www.coursera.org/about/privacy;https://www.coursera.org/about/leadership,2026-09-18T15:43:58Z,sources.txt,50,B
cr-istochnik.ru,https://cr-istochnik.ru,,85976551821,https://t.me/Gvozdi_schoolBot,https://vk.com/uslugi-58711171?w=product-58711171_7009033,https://youtube.com/@cr_istochnik?si=hSYeZOzGAo9DLF-U,https://www.instagram.com/mikhail_voblago,632410248830,,,getcourse,IT,,2026-09-18T15:44:03Z,sources.txt,55,A
cyber-ed.ru,https://cyber-ed.ru,doc@cyber-ed.ru,+74951810079,https://t.me/CyberEd_Russia,https://vk.com/cyberedrussia,https://www.youtube.com/watch?v=xbZhlsPf3ik,,7703434727,1177700018210,771501001,unknown,IT,https://cyber-ed.ru/contacts;https://cyber-ed.ru/about;https://cyber-ed.ru/oferta;https://cyber-ed.ru/privacy;https://cyber-ed.ru/privacy/;https://cyber-ed.ru/license/;https://cyber-ed.ru/license;https://cyber-ed.ru/svedeniya-ob-obrazovatelnoj-organizaczii/,2026-09-18T15:44:11Z,sources.txt,60,A
damirsokol.ru,https://damirsokol.ru,Helpmans@yandex.ru,81401645499,,,,,234904138847,,,getcourse,IT,https://damirsokol.ru/oferta;https://damirsokol.ru/about,2026-09-18T15:44:17Z,sources.txt,65,A
damoloda.ru,https://damoloda.ru,da.moloda@mail.ru,81401645499,,,,,666403836964,,,getcourse,Languages,https://damoloda.ru/oferta;https://damoloda.ru/about,2026-09-18T15:44:23Z,sources.txt,65,A
danchenko-astro.ru,https://danchenko-astro.ru,,81401645499,,,,,505010067504,,,getcourse,IT,https://danchenko-astro.ru/about;https://danchenko-astro.ru/cms/system/contact;https://danchenko-astro.ru/oferta,2026-09-18T15:44:28Z,sources.txt,45,B
danyushkov.ru,https://danyushkov.ru,,,,,,,,,,getcourse,Languages,https://danyushkov.ru/about,2026-09-18T15:44:34Z,sources.txt,25,C
daristoka.ru,https://daristoka.ru,,,,,,,,,,getcourse,IT,https://daristoka.ru/about,2026-09-18T15:44:40Z,sources.txt,25,C
daronline.ru,https://daronline.ru,,,,,,,,,,getcourse,IT,https://daronline.ru/cms/system/contact;https://daronline.ru/about,2026-09-18T15:44:45Z,sources.txt,25,C
dasha-kozyreva.com,https://dasha-kozyreva.com,dasha.videostoki@gmail.com,81401645499,,,,,410117410790,,,getcourse,Languages,https://dasha-kozyreva.com/privacy;https://dasha-kozyreva.com/about;https://dasha-kozyreva.com/oferta,2026-09-18T15:44:50Z,sources.txt,65,A
dashkou.ru,https://dashkou.ru,drugryum@icloud.com,89993501562,,,,,245727076549,,,getcourse,IT,https://dashkou.ru/cookie-policy;https://dashkou.ru/oferta;https://dashkou.ru/about,2026-09-18T15:44:57Z,sources.txt,65,A
decorrgpredmetov.ru,https://decorrgpredmetov.ru,info@decorrgpredmetov.getcourse.ru,81401645499,,https://vk.com/market-210759775,,,720402641285,,,getcourse,Languages,https://decorrgpredmetov.ru/privacy;https://decorrgpredmetov.ru/oferta;https://decorrgpredmetov.ru/about,2026-09-18T15:45:02Z,sources.txt,75,A
denyakina.ru,https://denyakina.ru,,,,,,,,,,getcourse,IT,https://denyakina.ru/about;https://denyakina.ru/cms/system/contact,2026-09-18T15:45:08Z,sources.txt,25,C
derevcova.ru,https://derevcova.ru,,81401645499,,,,,381715335704,,,getcourse,IT,https://derevcova.ru/oferta;https://derevcova.ru/cms/system/contact;https://derevcova.ru/about,2026-09-18T15:45:14Z,sources.txt,45,B
dk9school.ru,https://dk9school.ru,,,,,,,,,,getcourse,IT,https://dk9school.ru/about;https://dk9school.ru/cms/system/contact,2026-09-18T15:45:19Z,sources.txt,25,C
doctor-polina.ru,https://doctor-polina.ru,,85714285714,https://t.me/pro_uzi_lavrova,,,https://www.instagram.com/lavrova.doctor_uzi?igsh=MWtmbmpwanN3OW5ndw==,,,,getcourse,IT,https://doctor-polina.ru/privacy,2026-09-18T15:45:24Z,sources.txt,45,B
doctorasatrian.online,https://doctorasatrian.online,,,,,,,,,,getcourse,IT,https://doctorasatrian.online/cms/system/contact;https://doctorasatrian.online/about,2026-09-18T15:45:30Z,sources.txt,25,C
doctorermolenko.ru,https://doctorermolenko.ru,,,,,,,,,,getcourse,Languages,https://doctorermolenko.ru/about,2026-09-18T15:45:36Z,sources.txt,25,C
doctorkisler.ru,https://doctorkisler.ru,,,,,,,,,,getcourse,IT,https://doctorkisler.ru/cms/system/contact;https://doctorkisler.ru/about,2026-09-18T15:45:43Z,sources.txt,25,C
doctormamontovschool.com,https://doctormamontovschool.com,,87275275792,,,,,,,,getcourse,IT,https://doctormamontovschool.com/about;https://doctormamontovschool.com/cms/system/contact,2026-09-18T15:45:48Z,sources.txt,35,B
doctorshakh.ru,https://doctorshakh.ru,Doctor.sshakh@mail.ru,89307777573,,,,,052001476415,,,getcourse,Languages,https://doctorshakh.ru/about;https://doctorshakh.ru/oferta;https://doctorshakh.ru/cookie-policy,2026-09-18T15:45:54Z,sources.txt,65,A
dog-energy.ru,https://dog-energy.ru,dogenergyschool@gmail.com,81401645499,,https://vk.com/dogenergyschool,,,381110788561,1197746675170,773101001,getcourse,Languages,https://dog-energy.ru/privacy;https://dog-energy.ru/about;https://dog-energy.ru/cms/system/contact,2026-09-18T15:46:00Z,sources.txt,75,A
dogclaws.ru,https://dogclaws.ru,,,,,,,,,,getcourse,Languages,https://dogclaws.ru/about,2026-09-18T15:46:07Z,sources.txt,25,C
doktordolgopolova.online,https://doktordolgopolova.online,dr.dolgopolova@bk.ru,81401645499,,,,,700701991207,,,getcourse,IT,https://doktordolgopolova.online/about;https://doktordolgopolova.online/privacy;https://doktordolgopolova.online/cms/system/contact;https://doktordolgopolova.online/oferta,2026-09-18T15:46:15Z,sources.txt,65,A
dpomag.online,https://dpomag.online,,,,,,,,,,getcourse,IT,https://dpomag.online/about,2026-09-18T15:46:21Z,sources.txt,25,C
dr-karina.com,https://dr-karina.com,info@dr-karina.com,82847215734,,,,,773274128428,,,getcourse,Languages,https://dr-karina.com/about;https://dr-karina.com/oferta,2026-09-18T15:46:26Z,sources.txt,65,A
dzhosan.ru,https://dzhosan.ru,,83161016385,,https://vk.com/liliyadzhosan,,,,,,tilda_site,IT,,2026-09-18T15:46:32Z,sources.txt,45,B
easykiz.ru,https://easykiz.ru,2080089@bk.ru,81401645499,,,,,220418589333,,,getcourse,Languages,https://easykiz.ru/legal;https://easykiz.ru/about,2026-09-18T15:46:37Z,sources.txt,65,A
echodushi.ru,https://echodushi.ru,Kata-a@yandex.ru,81401645499,,,,,771585668060,,,getcourse,IT,https://echodushi.ru/cms/system/contact;https://echodushi.ru/privacy;https://echodushi.ru/about;https://echodushi.ru/oferta,2026-09-18T15:46:43Z,sources.txt,65,A
ecotelo.ru,https://ecotelo.ru,inbox@ecotelo.ru,81401645499,,,,,380205568724,,,getcourse,IT,https://ecotelo.ru/cms/system/contact;https://ecotelo.ru/about;https://ecotelo.ru/Oferta;https://ecotelo.ru/oferta,2026-09-18T15:46:49Z,sources.txt,65,A
eduardbolshakov.ru,https://eduardbolshakov.ru,,88029918748,,,,,,,,getcourse,IT,https://eduardbolshakov.ru/cms/system/contact;https://eduardbolshakov.ru/about,2026-09-18T15:46:54Z,sources.txt,35,B
efimapharm.ru,https://efimapharm.ru,,,,,,,,,,getcourse,IT,https://efimapharm.ru/cms/system/contact;https://efimapharm.ru/about,2026-09-18T15:47:00Z,sources.txt,25,C
egevmed.ru,https://egevmed.ru,,,,,,,,,,getcourse,Languages,https://egevmed.ru/about,2026-09-18T15:47:05Z,sources.txt,25,C
egubova.online,https://egubova.online,,,,,,,,,,getcourse,IT,https://egubova.online/about;https://egubova.online/cms/system/contact,2026-09-18T15:47:12Z,sources.txt,25,C
ejsa.ru,https://ejsa.ru,saenkoschool@gmail.com,86987680206,,,,,263208461560,,,getcourse,IT,https://ejsa.ru/cms/system/contact;https://ejsa.ru/about,2026-09-18T15:47:17Z,sources.txt,65,A
ekaterinaandreeva-life.ru,https://ekaterinaandreeva-life.ru,Katerina.andreeva-life@yandex.ru,81401645499,https://t.me/Ekaterina_Andreeva_Life,https://vk.com/ekaterinaandreeva_life?from=groups,http:///https://www.youtube.com/@ЕкатеринаАндреева-в-ресурсе,,502602578999,,,getcourse,Languages,https://ekaterinaandreeva-life.ru/privacy;https://ekaterinaandreeva-life.ru/about;https://ekaterinaandreeva-life.ru/oferta;https://ekaterinaandreeva-life.ru/privacy_2026,2026-09-18T15:47:23Z,sources.txt,75,A
ekaterinasmoliakova.ru,https://ekaterinasmoliakova.ru,ekaterinasmoliakova.ru@yandex.ru,83665313738,https://t.me/smoliakova_artt,,https://www.youtube.com/@ekaterinasmoliakova,,780213045609,,,getcourse,IT,https://ekaterinasmoliakova.ru/dogovor-oferta;https://ekaterinasmoliakova.ru#rec1564102131;https://ekaterinasmoliakova.ru/policy,2026-09-18T15:47:28Z,sources.txt,75,A
elemental-magic.ru,https://elemental-magic.ru,info@elemental-magic.ru,81401645499,,,,,301511874873,,,getcourse,Languages,https://elemental-magic.ru/oferta;https://elemental-magic.ru/about,2026-09-18T15:47:33Z,sources.txt,65,A
elenakochetkova.pro,https://elenakochetkova.pro,,,,,,,,,,getcourse,Languages,https://elenakochetkova.pro/about,2026-09-18T15:47:39Z,sources.txt,25,C
elenalite.ru,https://elenalite.ru,,,,,,,,,,getcourse,Languages,https://elenalite.ru/about,2026-09-18T15:47:44Z,sources.txt,25,C
elenanahodkina.ru,https://elenanahodkina.ru,info@elenanahodkina.ru,81401645499,,,,,540232589900,,,getcourse,IT,https://elenanahodkina.ru/about;https://elenanahodkina.ru/cms/system/contact;https://elenanahodkina.ru/oferta,2026-09-18T15:47:50Z,sources.txt,65,A
elenavdovina.online,https://elenavdovina.online,el.a.vdovina@yandex.ru,81401645499,https://t.me/elenaAvdovina,,,,773571918161,,,getcourse,Languages,http://elenavdovina.online/privacy;https://elenavdovina.online/about;http://elenavdovina.online/page1;https://elenavdovina.online/privacy,2026-09-18T15:47:56Z,sources.txt,75,A
ellinskii.ru,https://ellinskii.ru,ellinskie@yandex.ru,81401645499,,,,,526018167696,,,getcourse,IT,https://ellinskii.ru/privacy;https://ellinskii.ru/cms/system/contact;https://ellinskii.ru/oferta;https://ellinskii.ru/about,2026-09-18T15:48:05Z,sources.txt,65,A
emmakoktysh.ru,https://emmakoktysh.ru,emmakoktysh@gmail.com,86737712858,https://t.me/EmmaKoktysh_support,,https://www.youtube.com/@EmmaKoktysh,,774346423040,,,getcourse,IT,http://emmakoktysh.ru/privacypolicy;http://emmakoktysh.ru/offer,2026-09-18T15:48:11Z,sources.txt,75,A
encouragetatia.com,https://encouragetatia.com,,,,,,,,,,getcourse,IT,https://encouragetatia.com/cms/system/contact;https://encouragetatia.com/about,2026-09-18T15:48:16Z,sources.txt,25,C
enioline.ru,https://enioline.ru,,81401645499,https://t.me/NiktarioN,,,,381114891721,,,getcourse,IT,https://enioline.ru/cms/system/contact;https://enioline.ru/oferta;https://enioline.ru/about,2026-09-18T15:48:23Z,sources.txt,55,A
erofitnesswithloveonline.ru,https://erofitnesswithloveonline.ru,,,,,,,,,,getcourse,IT,https://erofitnesswithloveonline.ru/cms/system/contact;https://erofitnesswithloveonline.ru/about,2026-09-18T15:48:48Z,sources.txt,25,C
esoroom.su,https://esoroom.su,e.revkovskaya@yandex.ru,81401645499,,,,,540445976808,,,getcourse,Languages,https://esoroom.su/dogovor%20-%20oferta;https://esoroom.su/about;https://esoroom.su/policy,2026-09-18T15:48:53Z,sources.txt,65,A
esperanto-leto.ru,https://esperanto-leto.ru,kurso@esperanto-leto.ru,85714285714,,https://vk.com/esperanto_leto,,,,,,unknown,Languages,https://esperanto-leto.ru/kontakty/,2026-09-18T15:49:11Z,sources.txt,50,B
evgenia-andreevna.ru,https://evgenia-andreevna.ru,info@evgenia-andreevna.ru,81401645499,,,,,861400806326,,,getcourse,IT,https://evgenia-andreevna.ru/oferta;https://evgenia-andreevna.ru/cms/system/contact;https://evgenia-andreevna.ru/about,2026-09-18T15:49:17Z,sources.txt,65,A
evgeniakisslova.com,https://evgeniakisslova.com,,87104287459,,,,,,,,getcourse,IT,https://evgeniakisslova.com/cms/system/contact;https://evgeniakisslova.com/about,2026-09-18T15:49:23Z,sources.txt,35,B
evstafievhealth.ru,https://evstafievhealth.ru,,,,,,,,,,getcourse,IT,https://evstafievhealth.ru/about;https://evstafievhealth.ru/cms/system/contact,2026-09-18T15:49:28Z,sources.txt,25,C
expertbg.ru,https://expertbg.ru,help@expertbg.ru,81401645499,https://t.me/sergeyerokhinbg,https://vk.com/wall-227355011_4,https://youtube.com/@sergeyerokhinbg,,772812596063,,,getcourse,IT,https://expertbg.ru#сontacts;https://expertbg.ru/privacy;https://expertbg.ru/pd-policy;https://expertbg.ru/about;https://expertbg.ru/cookie-policy;https://expertbg.ru/oferta,2026-09-18T15:49:34Z,sources.txt,75,A
falkova-pro.online,https://falkova-pro.online,olgafalkova1985@yandex.ru,+7 960 639 37 77,,,,,312316113432,,771301001,getcourse,IT,https://falkova-pro.online/oferta;https://falkova-pro.online/cms/system/contact;https://falkova-pro.online/about,2026-09-18T15:49:40Z,sources.txt,65,A
famdialogs.ru,https://famdialogs.ru,,80215158471,https://t.me/dialogi_o_semeike,,,,,,,tilda_site,IT,https://famdialogs.ru#contact;https://famdialogs.ru#about,2026-09-18T15:49:45Z,sources.txt,45,B
familyhlebschool.ru,https://familyhlebschool.ru,,,,,,,,,,getcourse,IT,https://familyhlebschool.ru/cms/system/contact;https://familyhlebschool.ru/about,2026-09-18T15:49:51Z,sources.txt,25,C
feldenkrais.su,https://feldenkrais.su,marishasha1@yandex.ru,81092869896,https://t.me/marusya_shamina,https://vk.com/privacy/cookies,,,773467466896,,,tilda_site,IT,https://feldenkrais.su#rec1089993441;https://feldenkrais.su/about-feldenkrais;https://feldenkrais.su/soglashenie-ob-ispolzovanii-faylov-cookie,2026-09-18T15:49:57Z,sources.txt,75,A
field-school.com,https://field-school.com,,,,,,,,,,getcourse,IT,https://field-school.com/cms/system/contact;https://field-school.com/about,2026-09-18T15:50:03Z,sources.txt,25,C
filippova-pro.ru,https://filippova-pro.ru,,,,,,,,,,getcourse,IT,https://filippova-pro.ru/cms/system/contact;https://filippova-pro.ru/about,2026-09-18T15:50:09Z,sources.txt,25,C
filmtechrea.ru,https://filmtechrea.ru,filmtechrea@gmail.com,87921041001,https://t.me/FilmTechnologyCenter,https://vk.com/filmtechnologycenter,,,770474702002,,,getcourse,IT,https://filmtechrea.ru/oferta;https://filmtechrea.ru#rec1925747751,2026-09-18T15:50:14Z,sources.txt,75,A
filtext.ru,https://filtext.ru,,81401645499,,https://vk.com/rtrg?p=VK-RTRG-1799780-5pn1z,,,262705258775,,,getcourse,IT,https://filtext.ru/cms/system/contact;https://filtext.ru/oferta;https://filtext.ru/about,2026-09-18T15:50:20Z,sources.txt,55,A
finmodel.club,https://finmodel.club,support@finmodel.club,83061346634,,,,,,,,tilda_site,IT,https://finmodel.club#rec1448803353,2026-09-18T15:50:31Z,sources.txt,55,A
fitcontent.ru,https://fitcontent.ru,,88578929586,,,,,,,,getcourse,Languages,https://fitcontent.ru/about,2026-09-18T15:50:36Z,sources.txt,35,B
fitnesszdes.ru,https://fitnesszdes.ru,fitness.zdes@mail.ru,81401645499,,,,,246215220632,,,getcourse,IT,https://fitnesszdes.ru/cms/system/contact;https://fitnesszdes.ru/oferta;https://fitnesszdes.ru/about,2026-09-18T15:50:42Z,sources.txt,65,A
fominartem.com,https://fominartem.com,fo.min@icloud.com,+79211085382,,,,,641802096928,,,getcourse,IT,https://fominartem.com/about;https://fominartem.com/cms/system/contact;https://fominartem.com/cookie-policy;https://fominartem.com/oferta,2026-09-18T15:50:48Z,sources.txt,65,A
frolovaolesya.ru,https://frolovaolesya.ru,,81401645499,,,,,540414513479,1197746675170,773101001,getcourse,IT,https://frolovaolesya.ru/about;https://frolovaolesya.ru/privacy;https://frolovaolesya.ru/cms/system/contact,2026-09-18T15:50:54Z,sources.txt,45,B
full-level.pro,https://full-level.pro,shim-zu@mail.ru,86532323866,https://t.me/mastakraft,https://vk.com/mastakraftofficial,https://www.youtube.com/@MastaKraft,,,,,tilda_site,IT,https://full-level.pro/politika;https://full-level.pro/oferta;https://full-level.pro#about,2026-09-18T15:51:00Z,sources.txt,65,A
galina-skryabina.ru,https://galina-skryabina.ru,merkuriy.64@gmail.com,89728143516,,,,,270307439542,,,getcourse,IT,https://galina-skryabina.ru/cms/system/contact;https://galina-skryabina.ru/oferta;https://galina-skryabina.ru/about,2026-09-18T15:51:06Z,sources.txt,65,A
gamulinaartschool.ru,https://gamulinaartschool.ru,,81401645499,,,,,667013935351,,,getcourse,Languages,https://gamulinaartschool.ru/about,2026-09-18T15:51:12Z,sources.txt,45,B
gekova.education,https://gekova.education,,,,,,,,,,getcourse,IT,https://gekova.education/cms/system/contact;https://gekova.education/about,2026-09-18T15:51:18Z,sources.txt,25,C
get-shop-online.ru,https://get-shop-online.ru,info@get-shop-online.ru,81401645499,https://t.me/GetCourse_shop,,https://www.youtube.com/@GetShop-online,https://www.instagram.com/getcourse.shop/,500111684550,,,getcourse,IT,https://get-shop-online.ru/about;https://get-shop-online.ru/cms/system/legal;https://get-shop-online.ru/privacy,2026-09-18T15:51:26Z,sources.txt,75,A
gigong.ru,https://gigong.ru,,,,,,,,,,getcourse,IT,https://gigong.ru/about,2026-09-18T15:51:32Z,sources.txt,25,C
gip-school.ru,https://gip-school.ru,,88179287108,,,,,,,,getcourse,Languages,https://gip-school.ru/about,2026-09-18T15:51:37Z,sources.txt,35,B
glavnoe-menu.ru,https://glavnoe-menu.ru,Vasilisasibirskaya@gmail.com,81401645499,,,,,243700432242,,,getcourse,IT,https://glavnoe-menu.ru/cms/system/contact;https://glavnoe-menu.ru/about;https://glavnoe-menu.ru/oferta,2026-09-18T15:51:43Z,sources.txt,65,A
glebovaphoto.ru,https://glebovaphoto.ru,info@glebovaphoto.ru,85833061182,https://t.me/glebova_ph,https://vk.com/oksanaphotoday,,https://www.instagram.com/glebova_ph?igsh=cnh2emd3ZDB1ajlh,,,,tilda_site,IT,https://glebovaphoto.ru/privacy;http://glebovaphoto.ru/privacy,2026-09-18T15:51:49Z,sources.txt,65,A
glotov.pro,https://glotov.pro,aleksey@glotov.pro,+79773230029,https://t.me/glotov_pro,,https://www.youtube.com/watch?v=Q6uCZyEmG_Y&amp;list=PLVR7xhlo3l2Qu4LclVaXmB3wkhZkJUR0g,,366222711972,,,getcourse,IT,https://glotov.pro/ai/#corporate-contact;https://school.glotov.pro/pd-policy,2026-09-18T15:51:55Z,sources.txt,75,A
gnazi789embroidery.ru,https://gnazi789embroidery.ru,Nazi789@mail.ru,81401645499,,,,,151600084129,,,getcourse,Languages,https://gnazi789embroidery.ru/about;https://gnazi789embroidery.ru/oferta,2026-09-18T15:52:00Z,sources.txt,65,A
golosoved.ru,https://golosoved.ru,info@golosoved.ru,81674471710,https://t.me/golosoved,https://vk.com/golosoved,https://www.youtube.com/watch?v=E6Duxv0bHjs,,632137644847,,,getcourse,IT,https://school.golosoved.ru/oferta;https://school.golosoved.ru/policy;https://golosoved.ru/#about,2026-09-18T15:52:07Z,sources.txt,75,A
gorbatenki.ru,https://gorbatenki.ru,Ekokora177@gmail.com,81401645499,,,,,236100588039,,,getcourse,IT,https://gorbatenki.ru/about;https://gorbatenki.ru/oferta;https://gorbatenki.ru/privacy;https://gorbatenki.ru/cms/system/contact,2026-09-18T15:52:14Z,sources.txt,65,A
gorlitsacalligraphy.ru,https://gorlitsacalligraphy.ru,Ninaletters@ya.ru,83732376164,https://t.me/calligraphygorlitsa,https://vk.com/calligraphygorlitsa,,,772140427505,,,getcourse,IT,https://gorlitsacalligraphy.ru#rec803222506;https://gorlitsacalligraphy.ru/policy;https://gorlitsacalligraphy.ru#rec529517990,2026-09-18T15:52:20Z,sources.txt,75,A
gracheva.online,https://gracheva.online,,,,,,,,,,getcourse,Languages,https://gracheva.online/about,2026-09-18T15:52:25Z,sources.txt,25,C
grammaze.ru,https://grammaze.ru,info@grammaze.ru,81401645499,,https://vk.com/ivburya,,,614012415401,,,getcourse,IT,https://grammaze.ru/contact;https://grammaze.ru/about;https://grammaze.ru/offer;https://grammaze.ru/privacy;https://grammaze.ru/cms/system/contact,2026-09-18T15:52:30Z,sources.txt,75,A
grobleracademy.ru,https://grobleracademy.ru,info@grobleracademy.ru,82814492312,,,,,744301709201,,,getcourse,IT,https://grobleracademy.ru/oferta;https://grobleracademy.ru/about,2026-09-18T15:52:37Z,sources.txt,65,A
guitarforall.net,https://guitarforall.net,,84936421649,https://t.me/Nina_guitar,,https://youtube.com/playlist?list=PLSDNXKnzFJY_sQ6986ps1RETFXRR9n_Di,https://instagram.com/guitar_for_all_ru?igshid=MjAxZDBhZDhlNA==,,,,tilda_site,IT,,2026-09-18T15:52:41Z,sources.txt,45,B
gxpexcellence.ru,https://gxpexcellence.ru,,,,,,,,,,getcourse,IT,,2026-09-18T15:52:45Z,sources.txt,25,C
h-n-v.ru,https://h-n-v.ru,info@h-n-v.ru,81401645499,https://t.me/dok_khrabrov,https://vk.com/doktor_khrabrov,https://www.youtube.com/watch?v=xdqqXlSYc6A,https://www.instagram.com/doktor_khrabrov/,352900815828,,,getcourse,Languages,https://h-n-v.ru/privacy;https://h-n-v.ru/about;https://h-n-v.ru/cms/system/contact;https://h-n-v.ru/oferta,2026-09-18T15:52:50Z,sources.txt,75,A
habr.com,https://habr.com,job@habr.team,+74996535961,https://t.me/north_spb_metric,https://vk.com/habr,https://www.youtube.com/playlist?list=PLIZR3nsCfy8-usFzhyxLZdcgE2xh_eGNa,,,,,unknown,IT,https://habr.com/about;https://habr.com/ru/docs/authors/codex/;https://habr.com/ru/docs/help/;https://habr.com/docs/docs/recommendation-rules/;https://habr.com/docs;https://habr.com/ru/companies/infowatch/articles/1083954/,2026-09-18T15:52:58Z,sources.txt,50,B
hand-drame.shop,https://hand-drame.shop,psyhodrame@yandex.ru,81401645499,,,,,772326367001,,,getcourse,IT,https://hand-drame.shop/about;https://hand-drame.shop/cms/system/contact;https://hand-drame.shop/oferta,2026-09-18T15:53:05Z,sources.txt,65,A
happycatclub.ru,https://happycatclub.ru,,83793028316,https://t.me/artmanyak_em,https://vk.com/art.manyak,,https://instagram.com/art.manyak?igshid=MTA0ZTI1NzA=,,,,tilda_site,IT,,2026-09-18T15:53:09Z,sources.txt,45,B
hasta26.ru,https://hasta26.ru,,,,,,,,,,getcourse,Languages,https://hasta26.ru/about,2026-09-18T15:53:17Z,sources.txt,25,C
helenivleva.ru,https://helenivleva.ru,hrustevalena@yandex.ru,81401645499,,,,,245611335427,,,getcourse,Languages,https://helenivleva.ru/about;https://helenivleva.ru/legal;https://helenivleva.ru/privacypolicy,2026-09-18T15:53:23Z,sources.txt,65,A
helensymon.ru,https://helensymon.ru,,,,,,,,,,getcourse,IT,https://helensymon.ru/about;https://helensymon.ru/cms/system/contact,2026-09-18T15:53:28Z,sources.txt,25,C
hh.ru,https://hh.ru,55d08dbf26984dd4b9206c097b9cc2ab@sentry.hh.ru,89746809745,https://dzen.ru/headhunter,https://vk.com/rtrg?p=VK-RTRG-318408-3u7id,,,7718620740,1067761906805,,unknown,IT,https://hh.ru/article/28?from=footer_new&hhtmFromLabel=footer_new&hhtmFrom=main;https://hh.ru/oferta;https://hh.ru/article/personal_data?backurl=%2F&hhtmFrom=main,2026-09-18T15:53:36Z,sources.txt,60,A
hirons.ru,https://hirons.ru,telokcoach@gmail.com,81401645499,,,,,190120442603,,,getcourse,IT,https://hirons.ru/about;https://hirons.ru/oferta,2026-09-18T15:53:42Z,sources.txt,65,A
holitemple.com,https://holitemple.com,info@holitemple.com,81401645499,,,,,027713083446,,,getcourse,IT,https://holitemple.com/privacy;https://holitemple.com/cms/system/contact;https://holitemple.com/about,2026-09-18T15:53:47Z,sources.txt,65,A
ibls.one,https://ibls.one,class1-4@iblschool.ru,81709330166,https://t.me/joinchat/AAAAAEjGj6o70d72weiY-A,https://vk.com/ibls.school,https://www.youtube.com/channel/UCiDihLxyGkv9wWfCTU-4yLA,https://www.instagram.com/tina_derg/?roistat_visit=129978,7728266538,1027728005689,,tilda_site,IT,https://ibls.one#popup:document-license;https://ibls.one/politika-choy-i-ooo;https://ibls.one/dokumenty;https://ibls.one/kontakty,2026-09-18T15:54:46Z,sources.txt,75,A
igo-dzen.ru,https://igo-dzen.ru,Olga.igonina84@gmail.com,+79133779703,,,,,545305081348,,,getcourse,IT,https://igo-dzen.ru/about;https://igo-dzen.ru/cookie-policy;https://igo-dzen.ru/oferta;https://igo-dzen.ru/privacy,2026-09-18T15:54:52Z,sources.txt,65,A
ilovesoap.ru,https://ilovesoap.ru,m.marewna@yandex.ru,81401645499,,,,,732609386313,,,getcourse,IT,https://ilovesoap.ru/cms/system/contact;https://ilovesoap.ru/about;https://ilovesoap.ru/oferta,2026-09-18T15:54:58Z,sources.txt,65,A
imaschool.ru,https://imaschool.ru,info@imaschool.ru,81401645499,,https://vk.com/rtrg?p=VK-RTRG-514582-5v13f,,,246311105801,,,getcourse,IT,https://imaschool.ru/policykonf;https://imaschool.ru/about;https://imaschool.ru/privacypolicy;https://imaschool.ru/legal,2026-09-18T15:55:03Z,sources.txt,75,A
inessakryzhanovskaya.com,https://inessakryzhanovskaya.com,,80110202859,,,,,,,,getcourse,IT,https://inessakryzhanovskaya.com/about;https://inessakryzhanovskaya.com/cms/system/contact,2026-09-18T15:55:09Z,sources.txt,35,B
infoolgabyrke.ru,https://infoolgabyrke.ru,,81401645499,,,,,123456789012,,,getcourse,Languages,https://infoolgabyrke.ru/oferta;https://infoolgabyrke.ru/about,2026-09-18T15:55:15Z,sources.txt,45,B
interneturok.ru,https://interneturok.ru,ekaterina.blinova@interneturok.ru,8 (800) 775 4121,https://t.me/interneturokofficial/2955,https://vk.com/rtrg?p=VK-RTRG-186759-34MaC,,,7715706679,1087746779559,771001001,unknown,IT,https://interneturok.ru/kontakty/;https://interneturok.ru/ob_interneturoke/my_v_smi/;https://interneturok.ru/static/docs/svedeniya/opisanie_formatov_i_stoimost.pdf;https://interneturok.ru/shkola_doma/,2026-09-18T15:56:20Z,sources.txt,60,A
ipadconcept.ru,https://ipadconcept.ru,,81401645499,https://t.me/ipad_concept,https://vk.com/padconcept,https://youtube.com/@ipadconcept?si=MfU1HJDNnAlPD1Xd,https://www.instagram.com/ipad_concept?igsh=MWt4dzIzMDRrNnJzaA%3D%3D&utm_source=qr,504100889313,,,getcourse,Languages,https://ipadconcept.ru/about,2026-09-18T15:56:25Z,sources.txt,55,A
iraprozozh.ru,https://iraprozozh.ru,info@iraprozozh.ru,81401645499,,,,,745110675360,,,getcourse,Languages,https://iraprozozh.ru/oferta;https://iraprozozh.ru/about;https://iraprozozh.ru/privacy,2026-09-18T15:56:30Z,sources.txt,65,A
irenaberti.com,https://irenaberti.com,,,,,,,,,,getcourse,Languages,https://irenaberti.com/about,2026-09-18T15:56:35Z,sources.txt,25,C
irina-santori.com,https://irina-santori.com,,,,,,,,,,getcourse,IT,https://irina-santori.com/cms/system/contact;https://irina-santori.com/about,2026-09-18T15:56:41Z,sources.txt,25,C
irinagolovina.ru,https://irinagolovina.ru,info@ivgolovina.ru,85714285714,https://t.me/BizGrablyIncReviews,,,,666008186225,,,getcourse,Languages,https://irinagolovina.ru/dogovor-oferty/;https://irinagolovina.ru/kontakty/;https://irinagolovina.ru/politika-v-otnoshenii-obrabotki-personalnyh-dannyh/,2026-09-18T15:56:49Z,sources.txt,75,A
irinakocheva.ru,https://irinakocheva.ru,,,,,,,,,,getcourse,IT,https://irinakocheva.ru/about;https://irinakocheva.ru/cms/system/contact,2026-09-18T15:56:55Z,sources.txt,25,C
irinakonshina.ru,https://irinakonshina.ru,kolevatova@ironsx.ru,+7 (967) 530-00-33,https://t.me/ironsxx,,,,250818007733,,,unknown,Other,https://irinakonshina.ru/assets/docs/oferta_nastav.pdf;https://irinakonshina.ru/assets/docs/soglasie_na_info_rassylka.pdf;https://irinakonshina.ru/assets/docs/soglasie_na_obrabotku_pers_data.pdf;https://irinakonshina.ru/assets/docs/politika_cookie.pdf,2026-09-18T15:57:00Z,sources.txt,50,B
irinamykorean.ru,https://irinamykorean.ru,irinashifu@mail.ru,89690814618,,,,,253905844317,,,getcourse,IT,https://irinamykorean.ru/about;https://irinamykorean.ru/cms/system/contact;https://irinamykorean.ru/oferta,2026-09-18T15:57:06Z,sources.txt,65,A
isotm.ru,https://isotm.ru,,87304562561,,,,,,,,unknown,IT,https://isotm.ru/contacts;https://isotm.ru/rekvizity;https://isotm.ru/oferta;https://isotm.ru/privacy;https://isotm.ru/contact;https://isotm.ru/license;https://isotm.ru/docs;https://isotm.ru/about;https://isotm.ru/company,2026-09-18T15:57:11Z,sources.txt,20,C
izbenko.com,https://izbenko.com,aleksa.lishuk@yandex.ru,81401645499,,,,,772794907108,,,getcourse,Languages,https://izbenko.com/oferta;https://izbenko.com/privacy;https://izbenko.com/about,2026-09-18T15:57:17Z,sources.txt,65,A
justbehappy.online,https://justbehappy.online,just@behappymail.ru,82708643257,,,,,682708643257,,,getcourse,Languages,https://justbehappy.online/oferta;https://justbehappy.online/about,2026-09-18T15:57:23Z,sources.txt,65,A
k-efi.ru,https://k-efi.ru,info@k-efi.ru,81401645499,https://t.me/k_efiru,https://vk.com/ivan_lagunovich,,https://www.instagram.com/ivan_lagunovich/,770510804108,,,getcourse,Languages,https://k-efi.ru/contacts;https://k-efi.ru/oferta;https://k-efi.ru/privacy;https://k-efi.ru/cms/system/contact,2026-09-18T15:57:29Z,sources.txt,75,A
kabaevanails.ru,https://kabaevanails.ru,,,,,,,,,,getcourse,IT,https://kabaevanails.ru/about;https://kabaevanails.ru/cms/system/contact,2026-09-18T15:57:35Z,sources.txt,25,C
kalaytan.online,https://kalaytan.online,polina@popova.ru,81401645499,https://t.me/kalaytan_bot,,,,774335901248,,,getcourse,Languages,https://kalaytan.online/legal;https://kalaytan.online/about,2026-09-18T15:57:40Z,sources.txt,75,A
karnash.org,https://karnash.org,Karnash@roots-energy.ru,81401645499,http://t.me/karnashenergy,https://vk.com/karnashenergy,https://www.youtube.com/@Karnash_energy/videos,https://www.instagram.com/karnash_energy,502713641942,,,getcourse,Languages,https://karnash.org/oferta;https://karnash.org/about,2026-09-18T15:57:46Z,sources.txt,75,A
kassinavito-zapusk.ru,https://kassinavito-zapusk.ru,,,,,,,,,,getcourse,IT,https://kassinavito-zapusk.ru/about;https://kassinavito-zapusk.ru/cms/system/contact,2026-09-18T15:57:52Z,sources.txt,25,C
katkovaanails.ru,https://katkovaanails.ru,,,,,,,,,,getcourse,IT,https://katkovaanails.ru/cms/system/contact;https://katkovaanails.ru/about,2026-09-18T15:57:59Z,sources.txt,25,C
katrinproson.ru,https://katrinproson.ru,,,,,,,,,,getcourse,Languages,https://katrinproson.ru/about,2026-09-18T15:58:04Z,sources.txt,25,C
katsizova.ru,https://katsizova.ru,info@katshowroom.ru,83134333938,,https://vk.com/kat.kurs,,,330601943945,,,tilda_site,IT,https://katsizova.ru/politika;https://katsizova.ru/contact;https://katsizova.ru/oferta,2026-09-18T15:58:09Z,sources.txt,75,A
katyayasenko.ru,http://katyayasenko.ru,,,,,,,,,,unknown,IT,,2026-09-18T15:58:13Z,sources.txt,10,C
kharlamova-psy.com,https://kharlamova-psy.com,kharlamova-psy@yandex.ru,81401645499,,https://vk.com/kharlamova_centre,https://www.youtube.com/@Anna.Kharlamova/shorts,,552805891084,1197746675170,773101001,getcourse,Languages,https://kharlamova-psy.com/cms/system/legal;https://kharlamova-psy.com/privacy;https://kharlamova-psy.com/oferta;https://kharlamova-psy.com/about,2026-09-18T15:58:19Z,sources.txt,75,A
killap2p.ru,https://killap2p.ru,killa.p2p@yandex.ru,88888888888,https://t.me/killaog,,https://youtu.be/Nij0ZIEUF5g,,,,,unknown,IT,https://killap2p.ru/oferta.pdf;https://killap2p.ru/privacy.pdf,2026-09-18T15:58:26Z,sources.txt,50,B
kineziotelo.ru,https://kineziotelo.ru,xanny@list.ru,81781094001,,,,,343505212214,,,getcourse,IT,https://kineziotelo.ru/oferta;https://kineziotelo.ru/cookie-policy;https://kineziotelo.ru/about,2026-09-18T15:58:32Z,sources.txt,65,A
kiragsystem.com,https://kiragsystem.com,Kira.glushkova@gmail.com,83366333361,https://t.me/kiragsystem,,,https://www.instagram.com/holistic.system/,,,,tilda_site,IT,https://kiragsystem.com#rec169122725,2026-09-18T15:58:41Z,sources.txt,65,A
kiselevafit.ru,https://kiselevafit.ru,sistematela@bk.ru,81401645499,,,,,,,,getcourse,IT,https://kiselevafit.ru/cms/system/contact;https://kiselevafit.ru/oferta;https://kiselevafit.ru/about,2026-09-18T15:58:47Z,sources.txt,55,A
kmclub-practicum.com,https://kmclub-practicum.com,km-club.marinicheva@yandex.ru,81401645499,,,,,772817625529,1197746675170,773101001,getcourse,IT,https://kmclub-practicum.com/cms/system/contact;https://kmclub-practicum.com;https://kmclub-practicum.com/privacy;https://kmclub-practicum.com/oferta,2026-09-18T15:58:54Z,sources.txt,65,A
kolosvaroga.ru,https://kolosvaroga.ru,info@kolosvaroga.ru,81401645499,,,,,771608444407,,,getcourse,IT,https://kolosvaroga.ru/cms/system/contact;https://kolosvaroga.ru/oferta;https://kolosvaroga.ru/about,2026-09-18T15:59:00Z,sources.txt,65,A
kontslav.ru,https://kontslav.ru,,,,,,,,,,getcourse,Languages,https://kontslav.ru/about,2026-09-18T15:59:05Z,sources.txt,25,C
kotovaolgamusic.ru,https://kotovaolgamusic.ru,,81254119516,https://t.me/kotova_olga_music_bir,https://vk.com/olgamusicbir,https://www.youtube.com/@kotova_olga_music,,,,,tilda_site,IT,https://kotovaolgamusic.ru#rec812541207,2026-09-18T15:59:11Z,sources.txt,45,B
kovalevskayalab.ru,https://kovalevskayalab.ru,info@kovalevskayalab.ru,89977000004,https://t.me/Podderzhka_kovalevskayalab_bot,https://vk.com/club221722343,https://youtube.com/@kskovalev?si=K2l9-NfyzpE4z3Go,,502912216068,,,getcourse,IT,,2026-09-18T15:59:16Z,sources.txt,75,A
kovziktatiana.ru,http://kovziktatiana.ru,,,,,,,,,,unknown,IT,,2026-09-18T15:59:20Z,sources.txt,10,C
kramshenkova.ru,https://kramshenkova.ru,olgahrisanova@mail.ru,81401645499,,,https://www.youtube.com/@%D0%9E%D0%BB%D1%8C%D0%B3%D0%B0%D0%9A%D1%80%D0%B0%D0%BC%D1%88%D0%B5%D0%BD%D0%BA%D0%BE%D0%B2%D0%B0,https://www.instagram.com/kramshenkova.studio?igsh=bW9wdzZwY215bWF4,744845225439,,,getcourse,Languages,https://kramshenkova.ru/oferta;https://kramshenkova.ru/about,2026-09-18T15:59:25Z,sources.txt,75,A
kulyabintennis.ru,https://kulyabintennis.ru,avkulyabin@yandex.ru,86432322102,,,,,331109379611,,,getcourse,IT,https://kulyabintennis.ru/cms/system/contact;https://kulyabintennis.ru/license;https://kulyabintennis.ru/about;https://kulyabintennis.ru/oferta;https://kulyabintennis.ru/privacy,2026-09-18T15:59:31Z,sources.txt,65,A
kurs-segodnya.ru,https://kurs-segodnya.ru,,,,,,,,,,unknown,IT,,2026-09-18T15:59:35Z,sources.txt,10,C
kyznetsova.ru,https://kyznetsova.ru,elena-k.ru@list.ru,81840201147,,https://vk.com/semya_realizaciya,https://www.youtube.com/@ЕленаКузнецова-88/videos,,910909144145,,,tilda_site,IT,,2026-09-18T15:59:40Z,sources.txt,75,A
labsoul.ru,https://labsoul.ru,labsoulyou@gmail.com,88643517430,https://t.me/anstmst13,https://vk.com/labsoul,https://youtu.be/DL8zpKOAsA0?si=i25gFq5JiXxDJOP9,,231712832767,,,tilda_site,IT,https://labsoul.ru#aboutme,2026-09-18T15:59:47Z,sources.txt,75,A
lafemmeclub.ru,https://lafemmeclub.ru,contact@lafemmeclub.ru,81401645499,,,,,643102282337,,,getcourse,Languages,https://lafemmeclub.ru/about;https://lafemmeclub.ru/legal,2026-09-18T15:59:52Z,sources.txt,65,A
landscape-course.ru,https://landscape-course.ru,sagdia-hab@mail.ru,81401645499,,,,,165911818792,,,getcourse,Languages,https://landscape-course.ru/privacy;https://landscape-course.ru/about,2026-09-18T15:59:57Z,sources.txt,65,A
larisa-korchagina.ru,https://larisa-korchagina.ru,,+79661874353,,https://vk.com/larisakorchagina_psyholog,,,503215278020,,,tilda_site,IT,https://larisa-korchagina.ru/#contact;https://larisa-korchagina.ru/dogovor_public_offer,2026-09-18T16:00:03Z,sources.txt,55,A
lawnpink.ru,https://lawnpink.ru,,81401645499,,,,,9731055900,1197746675170,773101001,getcourse,IT,https://lawnpink.ru/cms/system/contact;https://lawnpink.ru/privacy;https://lawnpink.ru/about,2026-09-18T16:00:08Z,sources.txt,45,B
lektorium.tv,https://lektorium.tv,office@lektorium.tv,81655720201,https://t.me/openlektorium,https://vk.com/openlektorium,https://www.youtube.com/user/OpenLektorium,,1215192632,,,tilda_site,IT,https://www.lektorium.tv/contacts;http://project.lektorium.tv/about;https://www.lektorium.tv/rules;https://www.lektorium.tv/policy;https://www.lektorium.tv/details,2026-09-18T16:00:15Z,sources.txt,75,A
lera-proaut.ru,https://lera-proaut.ru,razvivaemsya.doma@gmail.com,81401645499,,,,,782003023680,,,getcourse,Languages,https://lera-proaut.ru/oferta;https://lera-proaut.ru/about,2026-09-18T16:00:21Z,sources.txt,65,A
lerchekeso.ru,https://lerchekeso.ru,,,,,,,,,,getcourse,Languages,https://lerchekeso.ru/about,2026-09-18T16:00:26Z,sources.txt,25,C
levober.ru,https://levober.ru,do@levober.ru,88002010198,https://t.me/levober38,https://vk.com/levober38,https://www.youtube.com/channel/UCbkATOB8P5PxjIBPtN_Nrzg,,,,,tilda_site,Business,https://levober.ru/page/256;https://levober.ru/page/254;https://levober.ru/pub/img/rubrics/256/kartochka_predpriyatiya_ooo_uts.pdf;https://levober.ru/page/1;https://levober.ru/pub/img/info/10/dogovor_oferta_2025_.pdf;https://levober.ru/page/406;https://levober.ru/pub/img/rubrics/43/politika.pdf;https://levober.ru/svedeniya_o_chou_dpo_btso,2026-09-18T16:00:35Z,sources.txt,65,A
lifeandlanguagemorningclub.com,https://lifeandlanguagemorningclub.com,info@lifeandlanguagemorningclub.com,81401645499,,,,,525620538958,,,getcourse,IT,https://lifeandlanguagemorningclub.com/cms/system/contact;https://lifeandlanguagemorningclub.com/about;https://lifeandlanguagemorningclub.com/oferta,2026-09-18T16:00:42Z,sources.txt,65,A
lifeharmonyvv.ru,https://lifeharmonyvv.ru,,,,,,,,,,getcourse,Languages,https://lifeharmonyvv.ru/about,2026-09-18T16:00:47Z,sources.txt,25,C
lili-alterego.com,https://lili-alterego.com,,,,,,,,,,getcourse,Business,https://lili-alterego.com#about;https://lili-alterego.com/legal/privacy.html,2026-09-18T16:00:52Z,sources.txt,25,C
lishhaiclub.ru,https://lishhaiclub.ru,,,,,,,,,,getcourse,IT,https://lishhaiclub.ru/cms/system/contact;https://lishhaiclub.ru/about,2026-09-18T16:00:59Z,sources.txt,25,C
liverpoolschool.ru,https://liverpoolschool.ru,natalypierceschool@gmail.co,86015920411,https://t.me/natalypierceclub,https://vk.com/liverpoolschool,,,771401599370,,,tilda_site,IT,https://liverpoolschool.ru/privacy;https://liverpoolschool.ru/oferta,2026-09-18T16:01:03Z,sources.txt,75,A
liza-bakhtamyan.ru,https://liza-bakhtamyan.ru,,81401645499,,,,,500125673710,,,getcourse,Languages,https://liza-bakhtamyan.ru/about;https://liza-bakhtamyan.ru/oferta,2026-09-18T16:01:08Z,sources.txt,45,B
lizaegorova-ege.ru,https://lizaegorova-ege.ru,,88360395888,https://t.me/liza_1011,,,,,,,tilda_site,IT,,2026-09-18T16:01:14Z,sources.txt,45,B
lobzhanidze.online,https://lobzhanidze.online,doctor.lobzhanidze@gmail.com,81401645499,https://t.me/Lobzhanidzebot,https://vk.com/doctor_lobzhanidze,,https://instagram.com/doctor_lobzhanidze?igshid=YmMyMTA2M2Y=,263517325043,1197746675170,263443001,getcourse,IT,https://lobzhanidze.online/about;https://lobzhanidze.online/oferta;https://lobzhanidze.online/privacy,2026-09-18T16:01:19Z,sources.txt,75,A
losevapro.ru,https://losevapro.ru,li5211@yandex.ru,81401645499,,,,,773004984805,,,getcourse,Languages,https://losevapro.ru/privacy;https://losevapro.ru/about,2026-09-18T16:01:24Z,sources.txt,65,A
lovewinter.ru,https://lovewinter.ru,,,,,,,,,,unknown,IT,https://lovewinter.ru/license;https://lovewinter.ru/privacy;https://lovewinter.ru/docs;https://lovewinter.ru/contacts;https://lovewinter.ru/company;https://lovewinter.ru/oferta;https://lovewinter.ru/about;https://lovewinter.ru/contact;https://lovewinter.ru/rekvizity,2026-09-18T16:01:30Z,sources.txt,10,C
lubi-i-menyaysya.ru,https://lubi-i-menyaysya.ru,,81401645499,,,,,683201273378,,,getcourse,IT,https://lubi-i-menyaysya.ru/about,2026-09-18T16:01:35Z,sources.txt,45,B
ludmilavishnyakova.ru,https://ludmilavishnyakova.ru,,,,,,,,,,getcourse,IT,https://ludmilavishnyakova.ru/about;https://ludmilavishnyakova.ru/cms/system/contact,2026-09-18T16:01:41Z,sources.txt,25,C
m-petrova-art.ru,https://m-petrova-art.ru,,,,,,,,,,getcourse,Languages,https://m-petrova-art.ru/about,2026-09-18T16:01:47Z,sources.txt,25,C
macrame-set.ru,https://macrame-set.ru,info@macrame-set.ru,81401645499,https://t.me/macrame_set,https://vk.com/away.php?to=https%3A%2F%2Fmacrame-set.ru%2Fmy&amp;cc_key=,,,645001461301,,,getcourse,IT,https://macrame-set.ru/about,2026-09-18T16:01:52Z,sources.txt,75,A
magicofoilart.ru,https://magicofoilart.ru,VIU7788@gmail.com,81401645499,,,,,502200171603,,,getcourse,IT,https://magicofoilart.ru/oferta;https://magicofoilart.ru/cms/system/contact;https://magicofoilart.ru/about,2026-09-18T16:01:58Z,sources.txt,65,A
makogonvv.ru,https://makogonvv.ru,,,,,,,,,,getcourse,IT,https://makogonvv.ru/cms/system/contact;https://makogonvv.ru/about,2026-09-18T16:02:04Z,sources.txt,25,C
mariamosievskih.ru,https://mariamosievskih.ru,info@mariamosievskih.ru,81401645499,,,,https://www.instagram.com/maria_mosievskih/,451004453119,,,getcourse,IT,https://mariamosievskih.ru/about;https://mariamosievskih.ru/oferta;https://mariamosievskih.ru/cms/system/contact,2026-09-18T16:02:12Z,sources.txt,65,A
mariiaalekseeva.ru,https://mariiaalekseeva.ru,,,,,,,,,,getcourse,Languages,https://mariiaalekseeva.ru/about,2026-09-18T16:02:17Z,sources.txt,25,C
marina-beautyschool.ru,https://marina-beautyschool.ru,,81401645499,,,,,682906067005,,,getcourse,IT,https://marina-beautyschool.ru/about;https://marina-beautyschool.ru/oferta;https://marina-beautyschool.ru/cms/system/contact,2026-09-18T16:02:23Z,sources.txt,45,B
marinaoreilly.com,https://marinaoreilly.com,,87517169527,https://t.me/marinaoreilly_uk,,,https://instagram.com/marina.oreilly_uk?igshid=NTc4MTIwNjQ2YQ==,,,,tilda_site,IT,https://marinaoreilly.com#popup:myform,2026-09-18T16:02:28Z,sources.txt,45,B
martovskiy-lis.ru,https://martovskiy-lis.ru,info@martovskiy-lis.ru,84503968043,https://t.me/mart_lis,https://vk.com/share.php?url=,,,7707083893,,540643001,unknown,IT,https://martovskiy-lis.ru/page/1629521;https://martovskiy-lis.ru/contacts,2026-09-18T16:02:34Z,sources.txt,60,A
masha-brand.ru,https://masha-brand.ru,,81401645499,,,,,662306094847,,,getcourse,IT,https://masha-brand.ru/oferta;https://masha-brand.ru/about,2026-09-18T16:02:41Z,sources.txt,45,B
massageface.ru,https://massageface.ru,,,,,,,,,,getcourse,IT,https://massageface.ru/cms/system/contact;https://massageface.ru/about,2026-09-18T16:02:47Z,sources.txt,25,C
masterclass-vyazanie.ru,https://masterclass-vyazanie.ru,,82164513611,,,,,860320266916,,,getcourse,Languages,https://masterclass-vyazanie.ru/cms/system/contact;https://masterclass-vyazanie.ru/about,2026-09-18T16:02:58Z,sources.txt,45,B
mastukina.ru,https://mastukina.ru,mastukina89@mail.ru,81401645499,,https://vk.com/id525898729,,,615426744970,,,getcourse,IT,https://mastukina.ru/oferta;https://mastukina.ru/about;https://mastukina.ru/cms/system/contact,2026-09-18T16:03:04Z,sources.txt,75,A
max.ru,https://max.ru,,,,,,,9714058267,1247700595230,,unknown,IT,https://dev.max.ru/docs;https://legal.max.ru/pp;https://st.max.ru/docs/tekhnicheskaya-dokumentatsiya.zip,2026-09-18T16:03:14Z,sources.txt,20,C
mayamasterp.ru,https://mayamasterp.ru,info@mayamasterp.ru,88229865933,https://t.me/MayaNikolaeva,https://vk.com/mayametod,https://www.youtube.com/channel/UC1Uc5q7x2oV4M6n__S0-lXg,,771510061461,,,getcourse,Languages,https://mayamasterp.ru/about;https://mayamasterp.ru/contact,2026-09-18T16:03:21Z,sources.txt,75,A
mediym.ru,https://mediym.ru,info@mediym-pro.ru,81401645499,,,,,616503150479,,,getcourse,Languages,https://mediym.ru/oferta;https://mediym.ru/about,2026-09-18T16:03:25Z,sources.txt,65,A
meta-arts.ru,https://meta-arts.ru,,83297361081,,,,,332704613036,,,getcourse,IT,https://meta-arts.ru/privacy;https://meta-arts.ru/about,2026-09-18T16:03:34Z,sources.txt,45,B
metod-zemtsova.ru,https://metod-zemtsova.ru,neirozemtsov@gmail.com,+79313540320,https://t.me/zemtsov_fascia_bot,,,,772678591439,,,getcourse,IT,https://metod-zemtsova.ru/politika.html;https://metod-zemtsova.ru/oferta.html,2026-09-18T16:03:38Z,sources.txt,75,A
metodself.ru,https://metodself.ru,,,,,,,,,,getcourse,IT,https://metodself.ru/cms/system/contact;https://metodself.ru/about,2026-09-18T16:03:44Z,sources.txt,25,C
metodstrelnikova.ru,https://metodstrelnikova.ru,ekaterina0034111@yandex.ru,81401645499,,,,,470308479247,,,getcourse,Languages,https://metodstrelnikova.ru/oferta;https://metodstrelnikova.ru/about;https://metodstrelnikova.ru/cookie-policy,2026-09-18T16:03:50Z,sources.txt,65,A
microbiologia.ru,https://microbiologia.ru,rsovchinnikov@mail.ru,81401645499,,,,,772973970875,,,getcourse,IT,https://microbiologia.ru/oferta;https://microbiologia.ru/cms/system/contact;https://microbiologia.ru/privacy;https://microbiologia.ru/about,2026-09-18T16:03:56Z,sources.txt,65,A
milacristall.ru,https://milacristall.ru,Ryzhko-l@list.ru,83730663031,https://t.me/Lyudmila_Ryzhko,https://vk.com/milacristall,,https://instagram.com/milacristall?igshid=OGQ5ZDc2ODk2ZA==,,,,tilda_site,IT,https://milacristall.ru#rec521949198,2026-09-18T16:04:00Z,sources.txt,65,A
milamanina.ru,https://milamanina.ru,,,,,,,,,,getcourse,IT,https://milamanina.ru/about;https://milamanina.ru/cms/system/contact,2026-09-18T16:04:06Z,sources.txt,25,C
mind-hacking.ru,https://mind-hacking.ru,info@academiya.su,81401645499,,,,,500305211610,,,getcourse,IT,https://mind-hacking.ru/oferta;https://mind-hacking.ru/cms/system/contact;https://mind-hacking.ru/about,2026-09-18T16:04:12Z,sources.txt,65,A
mindfullclub.com,https://mindfullclub.com,admin@mindfullclub.com,,,,,https://www.instagram.com/juliashishkunova.psychology/,,,,unknown,IT,https://mindfullclub.com/privacy-policy/;https://mindfullclub.com/kontakty/;https://mindfullclub.com/privacy;https://mindfullclub.com/oferta/;https://mindfullclub.com/oferta,2026-09-18T16:04:24Z,sources.txt,30,C
mkvadrat74.ru,https://mkvadrat74.ru,mmm.olimp.133@mail.ru,81401645499,https://t.me/AlexFoxi,,,,744910721408,1197746675170,773101001,getcourse,IT,https://mkvadrat74.ru/offer;https://mkvadrat74.ru/cms/system/legal;https://mkvadrat74.ru/about,2026-09-18T16:04:30Z,sources.txt,75,A
molchanovayulia.ru,https://molchanovayulia.ru,,81401645499,,,,,690406344951,,,getcourse,IT,https://molchanovayulia.ru/oferta;https://molchanovayulia.ru/cms/system/contact;https://molchanovayulia.ru/about,2026-09-18T16:04:35Z,sources.txt,45,B
molodkin.food,https://molodkin.food,info@molodkin.food,81401645499,https://t.me/molodkinfood,https://vk.com/away.php?to=https%3A%2F%2Fmolodkin.food&amp;utf=1,https://www.youtube.com/@molodkinfood,https://www.instagram.com/molodkin.food,744916303492,,,getcourse,IT,https://molodkin.food/politikaprivat;https://molodkin.food/about,2026-09-18T16:04:41Z,sources.txt,75,A
mommyyoga.ru,https://mommyyoga.ru,info@mommyyoga.ru,89106414333,,,,,441404382138,1197746675170,773101001,getcourse,IT,https://mommyyoga.ru/about;https://mommyyoga.ru/oferta;https://mommyyoga.ru/privacy,2026-09-18T16:04:46Z,sources.txt,65,A
moondreams.pro,https://moondreams.pro,tea-print@ya.ru,81401645499,,,,,771995668698,,,getcourse,IT,https://moondreams.pro/about;https://moondreams.pro/oferta;https://moondreams.pro/cms/system/contact,2026-09-18T16:04:52Z,sources.txt,65,A
mpriroda.com,https://mpriroda.com,info@gamayunov.pro,81401645499,,,,,590806139922,,,getcourse,IT,https://mpriroda.com/about;https://mpriroda.com/oferta,2026-09-18T16:04:57Z,sources.txt,65,A
mql-master.ru,https://mql-master.ru,support@mql-master.ru,,https://t.me/mql_master_group,https://vk.com/video_ext.php?oid=-43661961&id=456239501&hd=2&autoplay=1,,,,,,getcourse,IT,https://mql-master.ru/#about,2026-09-18T16:05:02Z,sources.txt,55,A
mshitova.com,https://mshitova.com,,,,,,,,,,unknown,IT,https://mshitova.com/about.htm,2026-09-18T16:05:06Z,sources.txt,10,C
mttpro.ru,https://mttpro.ru,,,,,,,,,,getcourse,IT,https://mttpro.ru/about;https://mttpro.ru/cms/system/contact,2026-09-18T16:05:12Z,sources.txt,25,C
mtv-school.ru,https://mtv-school.ru,,,,,,,,,,getcourse,IT,https://mtv-school.ru/cms/system/contact;https://mtv-school.ru/about,2026-09-18T16:05:18Z,sources.txt,25,C
myagkierody.ru,https://myagkierody.ru,Myagkierody@gmail.com,83335616636,https://t.me/myagkie_rody_vrnbot,https://vk.com/myagkierody,https://www.youtube.com/channel/UCgOP87zTCd02To8uNYhBq2Q,https://www.instagram.com/myagkierody,123256456621,,,tilda_site,IT,https://myagkierody.ru/politica;https://myagkierody.ru/oferta;http://myagkierody.ru/politica,2026-09-18T16:05:24Z,sources.txt,75,A
mylifediane.com,https://mylifediane.com,,80074100000,https://t.me/mylifefinance,,https://www.youtube.com/channel/UCfsBJXvGcq2w0gG4LLHWrDQ,https://www.instagram.com/mylifediane/,,,,getcourse,IT,https://mylifediane.com#about,2026-09-18T16:05:35Z,sources.txt,45,B
mysterium-centr.online,https://mysterium-centr.online,info@mysterium-centr.ru,81401645499,,,,,231101370847,,,getcourse,IT,https://mysterium-centr.online/privacy;https://mysterium-centr.online/oferta;https://mysterium-centr.online/cms/system/contact,2026-09-18T16:05:41Z,sources.txt,65,A
nadirelax.ru,https://nadirelax.ru,info@nadirelax.ru,88813413143,https://t.me/nadirelax,,https://www.youtube.com/@nadirelax,,230200674749,,,getcourse,IT,https://nadirelax.ru/privacy;https://nadirelax.ru/oferta,2026-09-18T16:05:45Z,sources.txt,75,A
natalia-holistic.com,https://natalia-holistic.com,,,,,,,,,,getcourse,Languages,https://natalia-holistic.com/about,2026-09-18T16:06:07Z,sources.txt,25,C
natalia-shevtsova.ru,https://natalia-shevtsova.ru,instauroki@gmail.com,81401645499,,,,,482612666226,,,getcourse,Languages,https://natalia-shevtsova.ru/about;https://natalia-shevtsova.ru/oferta,2026-09-18T16:06:13Z,sources.txt,65,A
natalyaakramova.ru,https://natalyaakramova.ru,,,,,,,,,,getcourse,IT,https://natalyaakramova.ru/about;https://natalyaakramova.ru/cms/system/contact,2026-09-18T16:06:18Z,sources.txt,25,C
natalyabaikovaschoolgm.ru,https://natalyabaikovaschoolgm.ru,natalyabaikovaschool@yandex.ru,81401645499,,,,,504809461253,,,getcourse,Languages,https://natalyabaikovaschoolgm.ru/about;https://natalyabaikovaschoolgm.ru/oferta,2026-09-18T16:06:24Z,sources.txt,65,A
natashavysotskaya.online,https://natashavysotskaya.online,,81401645499,,,,,661217694008,,,getcourse,IT,https://natashavysotskaya.online/about;https://natashavysotskaya.online/cms/system/contact;https://natashavysotskaya.online/oferta,2026-09-18T16:06:29Z,sources.txt,45,B
naumovatrener.com,https://naumovatrener.com,info@naumovatrener.com,81401645499,https://t.me/naumova_trener,https://vk.com/naymova.trener,https://www.youtube.com/channel/UC9NrJfEF9443ZykA23L9MZQ,https://www.instagram.com/naumova.trener,771978726607,,,getcourse,IT,https://naumovatrener.com/about;https://naumovatrener.com/cms/system/contact;https://naumovatrener.com/oferta,2026-09-18T16:06:35Z,sources.txt,75,A
ncc-school.ru,https://ncc-school.ru,info@ncc-school.ru,86462376134,https://t.me/OK_Protocol,https://vk.com/ncc_school,https://www.youtube.com/channel/UCvz_XyLjB6Zu526ZkCCoZSQ,https://www.instagram.com/ncc_school/?igshid=15jp04qkv6g3v,,,,getcourse,IT,https://ncc-school.ru/policy;https://ncc-school.ru#about,2026-09-18T16:06:40Z,sources.txt,65,A
neformat.school,https://neformat.school,,,,,,,,,,getcourse,IT,https://neformat.school/about,2026-09-18T16:06:49Z,sources.txt,25,C
neirokouch.ru,https://neirokouch.ru,neirokouch@yandex.ru,83607066114,https://t.me/Sandra_del_Sol_NeuroFeya,https://vk.com/sandra_del_sol22,https://youtube.com/@sandradelsol9114,https://instagram.com/sandra_del_sol?igshid=YmMyMTA2M2Y=,770470056686,,,tilda_site,IT,https://neirokouch.ru/oferta;https://neirokouch.ru/about;http://neirokouch.ru/oferta;https://neirokouch.ru/aboutneuroart,2026-09-18T16:06:55Z,sources.txt,75,A
nekrasovamarianna.ru,https://nekrasovamarianna.ru,galaktika0910@gmail.com,89514860486,,,,,590600565420,,,getcourse,Other,https://nekrasovamarianna.ru/kontakty-2/;https://nekrasovamarianna.ru/privacy,2026-09-18T16:07:02Z,sources.txt,55,A
netology.ru,https://netology.ru,support@netology.ru,+79651788020,,https://vk.com/netology,https://www.youtube.com/@neto_live,,7726464125,1207700135884,,tilda_site,IT,https://netology.ru/official-info;https://netology.ru/company;https://netology.ru/about;https://netology.ru/license;https://netology.ru/contacts,2026-09-18T16:07:08Z,sources.txt,75,A
neurocodemozga.pro,https://neurocodemozga.pro,,85414533211,,,,,263214498350,,,tilda_site,IT,,2026-09-18T16:07:18Z,sources.txt,45,B
newableton.live,https://newableton.live,,81401645499,https://t.me/morfog,https://vk.com/rtrg?p=VK-RTRG-663270-gR3Aj,https://www.youtube.com/@Dima2Dcube,,381112871511,,,getcourse,IT,https://newableton.live/about;https://newableton.live/cms/system/contact,2026-09-18T16:07:24Z,sources.txt,55,A
nikabrow.online,https://nikabrow.online,veronika.gofman@list.ru,81401645499,,,,,553401907125,,,getcourse,IT,https://nikabrow.online/about;https://nikabrow.online/cms/system/contact;https://nikabrow.online/oferta,2026-09-18T16:07:30Z,sources.txt,65,A
nikibest.ru,https://nikibest.ru,info@nikibest.ru,81401645499,,,,,773510011200,,,getcourse,IT,https://nikibest.ru/cms/system/contact;https://nikibest.ru/about;https://nikibest.ru/oferta,2026-09-18T16:07:36Z,sources.txt,65,A
nikolaevaschool.ru,https://nikolaevaschool.ru,,81401645499,,,,,552700769961,,,getcourse,IT,https://nikolaevaschool.ru/cms/system/contact;https://nikolaevaschool.ru;https://nikolaevaschool.ru/about;https://nikolaevaschool.ru/oferta,2026-09-18T16:07:43Z,sources.txt,45,B
notabalansa.ru,https://notabalansa.ru,notabalansa@yandex.ru,,,,,,772909843365,,,getcourse,IT,https://notabalansa.ru/about;https://notabalansa.ru/oferta;https://notabalansa.ru/cms/system/contact,2026-09-18T16:08:39Z,sources.txt,55,A
nuwkaivanova.art,https://nuwkaivanova.art,info@nuwkaivanova.art,81401645499,,,,,165607438638,,,getcourse,IT,https://nuwkaivanova.art/oferta;https://nuwkaivanova.art/cms/system/contact;https://nuwkaivanova.art/about,2026-09-18T16:08:45Z,sources.txt,65,A
okandlinyoga.com,https://okandlinyoga.com,,83865353465,,,,,,,,getcourse,IT,,2026-09-18T16:08:55Z,sources.txt,35,B
oksanacherenkova.ru,https://oksanacherenkova.ru,info@dimarikov.ru,81401645499,,,,,440203241015,,,getcourse,Languages,https://oksanacherenkova.ru/policy;https://oksanacherenkova.ru/about;https://oksanacherenkova.ru/oferta,2026-09-18T16:09:01Z,sources.txt,65,A
olegled.ru,https://olegled.ru,,,,,,,,,,getcourse,IT,https://olegled.ru/about;https://olegled.ru/cms/system/contact,2026-09-18T16:09:07Z,sources.txt,25,C
olesya-vil.ru,https://olesya-vil.ru,marafon.1@list.ru,83339313164,,,https://www.youtube.com/watch?v=J0p6UaeW1iE&amp;feature=youtu.be,,381506669189,1197746675170,773101001,getcourse,IT,https://olesya-vil.ru/offer;https://olesya-vil.ru/politika,2026-09-18T16:09:12Z,sources.txt,75,A
olgabrainschool.ru,https://olgabrainschool.ru,psyholog.olga.brain@gmail.com,81401645499,,,,,772665180777,,,getcourse,IT,https://olgabrainschool.ru/oferta;https://olgabrainschool.ru/about;https://olgabrainschool.ru/cms/system/contact,2026-09-18T16:09:18Z,sources.txt,65,A
olgatyagar.com,https://olgatyagar.com,tyagar.olga@mail.ru,81401645499,,,,,673111712641,,,getcourse,IT,https://olgatyagar.com/about;https://olgatyagar.com/cms/system/contact;https://olgatyagar.com/oferta,2026-09-18T16:09:24Z,sources.txt,65,A
one-way.dev,https://one-way.dev,info@onthewaytothesun.ru,,https://t.me/onthewaytothesun,,,,615020561341,,,getcourse,IT,https://one-way.dev/privacy;https://one-way.dev/studio-preview-20260916/assets/anton-fedorov.vcf;https://one-way.dev/oferta,2026-09-18T16:09:27Z,sources.txt,65,A
onelink.me,https://onelink.me,example@yourdomain.com,86808289849,,,https://www.youtube.com/c/appsflyer,https://www.instagram.com/appsflyer_hq/,,,,unknown,Languages,https://onelink.me/about;https://onelink.me/docs;https://onelink.me/contact;https://onelink.me/license;https://onelink.me/rekvizity;https://onelink.me/contacts;https://onelink.me/oferta;https://onelink.me/privacy;https://onelink.me/company,2026-09-18T16:09:32Z,sources.txt,50,B
online-licey.ru,https://online-licey.ru,policy@online-licey.ru,88002228339,,https://vk.com/rtrg?p=VK-RTRG-358114-cyDVB,,,,,,unknown,IT,https://online-licey.ru/privacy-policy/;https://online-licey.ru/contacts/;https://online-licey.ru/contact;https://online-licey.ru/contacts;https://online-licey.ru/privacy,2026-09-18T16:09:38Z,sources.txt,50,B
openedu.ru,https://openedu.ru,pr@npoed.ru,88455140223,https://t.me/openeduru,https://vk.com/openeduru,,,,,,unknown,IT,https://openedu.ru/about;https://openedu.ru/course/hse/CENBUMAG/?session=2023;https://openedu.ru/for-media;https://openedu.ru/contacts,2026-09-18T16:09:47Z,sources.txt,50,B
oxana-linnikova.ru,https://oxana-linnikova.ru,,,,,,,,,,getcourse,IT,https://oxana-linnikova.ru/cms/system/contact;https://oxana-linnikova.ru/about,2026-09-18T16:09:54Z,sources.txt,25,C
parasympathy.site,https://parasympathy.site,,81401645499,https://t.me/myparasympathy,,,,560501419482,,,getcourse,IT,https://parasympathy.site/oferta;https://parasympathy.site/about,2026-09-18T16:10:00Z,sources.txt,55,A
pedagog1.ru,https://pedagog1.ru,study@onlineschool-1.ru,81401645499,,,,,272408662220,1197847147090,784101001,getcourse,Languages,https://pedagog1.ru/oferta;https://pedagog1.ru/about,2026-09-18T16:10:06Z,sources.txt,65,A
peppersonline.ru,https://peppersonline.ru,mtn251087@gmail.com,81401645499,,https://vk.com/kizpeppers,,https://www.instagram.com/kizpeppersonline/profilecard/?igsh=cjN6Zm96dDI4cGRq,027601492909,,,getcourse,Languages,https://peppersonline.ru/page40;https://peppersonline.ru/about;https://peppersonline.ru/privacy,2026-09-18T16:10:13Z,sources.txt,75,A
pereverzeva-irina.ru,https://pereverzeva-irina.ru,,81401645499,,,,,263404761909,,,getcourse,IT,https://pereverzeva-irina.ru/about;https://pereverzeva-irina.ru/cms/system/contact;https://pereverzeva-irina.ru/oferta,2026-09-18T16:10:19Z,sources.txt,45,B
physcultura.ru,https://physcultura.ru,info@physcultura.ru,85501612717,https://t.me/physcultura_Bot,,,https://www.instagram.com/beglyakovaa?igsh=MWtpeWtuanZxN2I1Yg==,910200405478,,,getcourse,IT,https://physcultura.ru/oferta;https://physcultura.ru/#about;https://physcultura.ru/privacy,2026-09-18T16:10:24Z,sources.txt,75,A
pianotitita.ru,https://pianotitita.ru,info@pianotitita.ru,81401645499,,,,,860604149927,,,getcourse,IT,https://pianotitita.ru/about;https://pianotitita.ru/oferta,2026-09-18T16:10:30Z,sources.txt,65,A
pictura-school.ru,https://pictura-school.ru,,81401645499,,,,,667470690590,1197746675170,773101001,getcourse,Languages,https://pictura-school.ru/offer;https://pictura-school.ru/about;https://pictura-school.ru/privacy,2026-09-18T16:10:36Z,sources.txt,45,B
pisatpolezno.ru,https://pisatpolezno.ru,Yakondakova@yandex.ru,81401645499,,,,,744814043333,,,getcourse,IT,https://pisatpolezno.ru/cms/system/contact;https://pisatpolezno.ru/about;https://pisatpolezno.ru/oferta,2026-09-18T16:10:41Z,sources.txt,65,A
pliginamarina-school.ru,https://pliginamarina-school.ru,info@pliginamarina-school.ru,85163004392,https://t.me/pliginamarina_finance,,,,773002814942,,,getcourse,IT,https://pliginamarina-school.ru/cms/system/contact;https://pliginamarina-school.ru/company;https://pliginamarina-school.ru/about,2026-09-18T16:10:47Z,sources.txt,75,A
poetnavigator.ru,https://poetnavigator.ru,delphinica@yandex.ru,81401645499,https://t.me/poetnavigator,,,,222100846381,,,getcourse,Languages,https://poetnavigator.ru/privacy;https://poetnavigator.ru/oferta;https://poetnavigator.ru/cms/system/contact;https://poetnavigator.ru/about,2026-09-18T16:10:53Z,sources.txt,75,A
polinatsarikaeva.ru,https://polinatsarikaeva.ru,p.3424850@gmail.com,83435363237,https://t.me/polinatsarikaeva,,,,701759720012,,,tilda_site,IT,https://polinatsarikaeva.ru/politika_konfidentsialnosti;https://polinatsarikaeva.ru/dogovor_oferti;https://polinatsarikaeva.ru#popup:contactme,2026-09-18T16:10:58Z,sources.txt,75,A
polyvysotskaya.ru,https://polyvysotskaya.ru,,,http://t.me/poly_vysotskaya,,https://youtu.be/tS-z4PqLIJI?si=BReCi9XtYwMCJiJs,,,,,unknown,IT,,2026-09-18T16:11:02Z,sources.txt,20,C
poronnik.ru,https://poronnik.ru,,81401645499,,,,,781432283622,,,getcourse,IT,https://poronnik.ru/about;https://poronnik.ru/privacy,2026-09-18T16:11:07Z,sources.txt,45,B
potapoff.online,https://potapoff.online,,81401645499,,,,,780449087769,1197746675170,773101001,getcourse,IT,https://potapoff.online/about;https://potapoff.online/oferta;https://potapoff.online/privacy;https://potapoff.online/cms/system/contact,2026-09-18T16:11:13Z,sources.txt,45,B
praktikapiano.ru,https://praktikapiano.ru,info@praktikapiano.ru,85739201739,,,,,860223157823,,,getcourse,IT,https://praktikapiano.ru/oferta;https://praktikapiano.ru/about;https://praktikapiano.ru/cms/system/contact;https://praktikapiano.ru/privacy,2026-09-18T16:11:19Z,sources.txt,65,A
pravkitela.ru,https://pravkitela.ru,ysnezhana_rada@mail.ru,86935831236,,,,,481302423398,,,getcourse,IT,https://pravkitela.ru/cms/system/contact;https://pravkitela.ru/about;https://pravkitela.ru/oferta,2026-09-18T16:11:25Z,sources.txt,65,A
prismaticcolor.ru,http://prismaticcolor.ru,,,,,,,,,,unknown,IT,,2026-09-18T16:11:29Z,sources.txt,10,C
pro-bio.su,https://pro-bio.su,info@pro-bio.su,86136663731,,https://vk.com/rtrg?p=VK-RTRG-474582-z1UE,,,470321955054,,,tilda_site,IT,https://pro-bio.su/about,2026-09-18T16:11:35Z,sources.txt,75,A
pro-delo.com,https://pro-delo.com,,80903408442,,,,,645403283916,,,getcourse,IT,https://pro-delo.com/legal;https://pro-delo.com/about;https://pro-delo.com/cms/system/contact,2026-09-18T16:11:41Z,sources.txt,45,B
pro-rmzh.ru,https://pro-rmzh.ru,info@pro-rmzh.ru,81401645499,,,,,782703882889,1197746675170,,getcourse,IT,https://pro-rmzh.ru/about;https://pro-rmzh.ru/oferta;https://pro-rmzh.ru/privacypolicy,2026-09-18T16:11:47Z,sources.txt,65,A
prodecorpro.ru,https://prodecorpro.ru,info@prodecopro.ru,81401645499,https://t.me/okdekor_new,https://vk.com/o.k.dekor,,https://www.instagram.com/o.k.dekor/,575402627818,,,getcourse,IT,https://prodecorpro.ru/oferta;https://prodecorpro.ru/politika;https://prodecorpro.ru/about;https://prodecorpro.ru/contact,2026-09-18T16:12:43Z,sources.txt,75,A
proglbuh.ru,https://proglbuh.ru,,,,,,,,,,getcourse,Languages,https://proglbuh.ru/about,2026-09-18T16:12:49Z,sources.txt,25,C
promestosily.com,https://promestosily.com,,,,,,,,,,getcourse,Languages,https://promestosily.com/about,2026-09-18T16:12:54Z,sources.txt,25,C
promokodus.com,https://promokodus.com,,,,,,,,,,unknown,IT,https://promokodus.com/contacts;https://promokodus.com/about;https://promokodus.com/company;https://promokodus.com/privacy;https://promokodus.com/license;https://promokodus.com/oferta;https://promokodus.com/contact;https://promokodus.com/rekvizity;https://promokodus.com/docs,2026-09-18T16:12:58Z,sources.txt,10,C
protelo-litvinovat-ru.ru,https://protelo-litvinovat-ru.ru,,,,,,,,,,getcourse,Languages,https://protelo-litvinovat-ru.ru/about,2026-09-18T16:13:03Z,sources.txt,25,C
psy-para.ru,https://psy-para.ru,info@n-zhukova.ru,81401645499,,,,,667116395877,,,getcourse,IT,https://psy-para.ru/about;https://psy-para.ru/cms/system/contact;https://psy-para.ru/privacy,2026-09-18T16:13:09Z,sources.txt,65,A
psychologinaya.com,https://psychologinaya.com,,84624030642,,,,,,,,getcourse,IT,https://psychologinaya.com/about;https://psychologinaya.com/cms/system/contact,2026-09-18T16:13:15Z,sources.txt,35,B
psychologvam.com,https://psychologvam.com,,80053413251,,,,,,,,getcourse,Languages,https://psychologvam.com/about,2026-09-18T16:13:20Z,sources.txt,35,B
psypracticerussia.ru,https://psypracticerussia.ru,ng@psypractice.ru,82524271844,https://t.me/psypracticerussia,https://vk.com/rtrg?p=VK-RTRG-1316118-asd50,,https://instagram.com/psypracticerussia,,,,unknown,IT,https://psypracticerussia.ru/kontakty/;https://psypracticerussia.ru/dogovor-oferta/,2026-09-18T16:13:30Z,sources.txt,50,B
qamasmetankin.ru,https://qamasmetankin.ru,smetankinav@mail.ru,81401645499,https://t.me/smetankin_psyholog,https://vk.com/club228160467,,,292005176205,,,getcourse,IT,https://qamasmetankin.ru/#footer;https://qamasmetankin.ru/cms/system/contact;https://qamasmetankin.ru/oferta;https://qamasmetankin.ru/about,2026-09-18T16:13:36Z,sources.txt,75,A
radikkiriaev.ru,https://radikkiriaev.ru,rad.roza86@yandex.ru,83386312044,https://t.me/radikrazbor_bot?start=start,,,,636900729650,,,getcourse,IT,http://radikkiriaev.ru/politica;https://radikkiriaev.ru/oferta,2026-09-18T16:13:42Z,sources.txt,75,A
radiktalgatovich.ru,https://radiktalgatovich.ru,dilara.mambetowa@yandex.ru,81401645499,,,,,164806178630,,,getcourse,IT,https://radiktalgatovich.ru/about;https://radiktalgatovich.ru/oferta;https://radiktalgatovich.ru/cms/system/contact,2026-09-18T16:13:47Z,sources.txt,65,A
radiologyeducation.ru,https://radiologyeducation.ru,radiology.red@gmail.com,87142199989,https://t.me/neoradiology,https://vk.com/radiology_education,https://www.youtube.com/@RadiologyEducationRED,,502982811600,,,tilda_site,IT,https://radiologyeducation.ru/oferta;https://radiologyeducation.ru/privacy;https://radiologyeducation.ru/about,2026-09-18T16:13:52Z,sources.txt,75,A
razberemsya.com,https://razberemsya.com,ziborovauliy@gmail.com,81401645499,,,,,312322955490,,,getcourse,IT,https://razberemsya.com/about;https://razberemsya.com/cms/system/contact;https://razberemsya.com/privacy,2026-09-18T16:13:58Z,sources.txt,65,A
reistoria.com,https://reistoria.com,,,,,,,,,,getcourse,Languages,https://reistoria.com/about,2026-09-18T16:14:05Z,sources.txt,25,C
resume-lab.ru,https://resume-lab.ru,help@resume-lab.ru,81401645499,,,,,773123609761,,,getcourse,Languages,https://resume-lab.ru/oferta;https://resume-lab.ru/about;https://resume-lab.ru/cms/system/legal,2026-09-18T16:14:11Z,sources.txt,65,A
revivalsoul.ru,https://revivalsoul.ru,badaliankr@gmail.com,86605534210,,,,,,,,tilda_site,IT,https://revivalsoul.ru/privacy,2026-09-18T16:14:15Z,sources.txt,55,A
rezenovachina.ru,https://rezenovachina.ru,,,,,,,,,,getcourse,IT,https://rezenovachina.ru/cms/system/contact;https://rezenovachina.ru/about,2026-09-18T16:14:21Z,sources.txt,25,C
roc-cyberuniversity.ru,https://roc-cyberuniversity.ru,info@roc-cyberuniversity.ru,83065313865,https://t.me/roc_university_bot,,https://www.youtube.com/embed/КОД?rel=0,,701710463068,,,getcourse,IT,https://roc-cyberuniversity.ru/about;https://edu.roc-cyberuniversity.ru/oferta;https://edu.roc-cyberuniversity.ru/privacypolicy,2026-09-18T16:14:29Z,sources.txt,75,A
rodinabeauty.ru,https://rodinabeauty.ru,rodina.beauty@yandex.ru,87746790330,https://t.me/rodina_beauty,https://vk.com/rodina.beauty,https://www.youtube.com/@rodina.beauty,,352529161500,1027700229193,,unknown,IT,https://rodinabeauty.ru/oferta;https://rodinabeauty.ru/privacy,2026-09-18T16:14:34Z,sources.txt,60,A
romfitness.ru,https://romfitness.ru,,,,,,,,,,getcourse,IT,https://romfitness.ru/about,2026-09-18T16:14:39Z,sources.txt,25,C
ros-grafika.ru,https://ros-grafika.ru,,,,,,,,,,getcourse,IT,https://ros-grafika.ru/about,2026-09-18T16:14:44Z,sources.txt,25,C
rsmirnova-55.online,https://rsmirnova-55.online,astroschool_55@mail.ru,81401645499,,,,,550705245206,,,getcourse,IT,https://rsmirnova-55.online/cms/system/contact;https://rsmirnova-55.online/oferta;https://rsmirnova-55.online/about,2026-09-18T16:15:42Z,sources.txt,65,A
runartium.ru,http://runartium.ru,,,,,,,,,,unknown,IT,,2026-09-18T16:15:46Z,sources.txt,10,C
runetacademy.ru,https://runetacademy.ru,info@runetacademy.ru,+7 958 840 19 78,https://t.me/runet_academy_tg_bot,https://vk.com/runet_academy,,,632512098051,,,getcourse,IT,https://runetacademy.ru/police-conf;https://runetacademy.ru/contacts;https://runetacademy.ru/legal,2026-09-18T16:15:54Z,sources.txt,75,A
rusanovaartschool.com,https://rusanovaartschool.com,,81401645499,,,,,774334031418,,,getcourse,IT,https://rusanovaartschool.com/about,2026-09-18T16:16:01Z,sources.txt,45,B
sadovi-kurs.ru,https://sadovi-kurs.ru,Barsic-Oli@yandex.ru,81401645499,,,,,575107456795,,575202001,getcourse,IT,https://sadovi-kurs.ru/cms/system/contact;https://sadovi-kurs.ru/about;https://sadovi-kurs.ru/oferta,2026-09-18T16:16:06Z,sources.txt,65,A
saharov.help,https://saharov.help,nikolay@saharov.help,+7(993)705-93-93,"https://t.me/saharovn?text=%D0%9F%D1%80%D0%B8%D0%B2%D0%B5%D1%82%20%D0%A5%D0%BE%D1%87%D1%83%20%D0%B7%D0%B0%D0%BF%D0%B8%D1%81%D0%B0%D1%82%D1%8C%D1%81%D1%8F%20%D0%BD%D0%B0%20%D0%B4%D0%B8%D0%B0%D0%B3%D0%BD%D0%BE%D1%81%D1%82%D0%B8%D0%BA%D1%83,%D1%87%D1%82",https://vk.com/saharovn,https://www.youtube.com/@saharovn,,370142343920,,,unknown,Psychology,https://saharov.help/oferta;https://saharov.help/oferta/,2026-09-18T16:16:15Z,sources.txt,60,A
salebot.site,https://salebot.site,,,,,,,,,,unknown,IT,,2026-09-18T16:16:19Z,sources.txt,10,C
samarinadessert.ru,https://samarinadessert.ru,info@samarinadessert.ru,81401645499,,,,,262309776445,,,getcourse,Languages,https://samarinadessert.ru/oferta;https://samarinadessert.ru/about,2026-09-18T16:16:25Z,sources.txt,65,A
samokhiny.ru,https://samokhiny.ru,DUBROVO35@GMAIL.COM,81401645499,https://t.me/Samohiny,https://vk.com/samohinypro,https://www.youtube.com/channel/UCV3KLD6zMCyqKJBgUOlojOw,,526011113420,,,getcourse,IT,https://samokhiny.ru/privacy;https://samokhiny.ru/contract_offer;https://samokhiny.ru/about,2026-09-18T16:16:31Z,sources.txt,75,A
saulinapedicur.ru,https://saulinapedicur.ru,alina.saulina@mail.ru,81401645499,,,,,234806317005,,,getcourse,IT,https://saulinapedicur.ru/cms/system/contact;https://saulinapedicur.ru/oferta;https://saulinapedicur.ru/about,2026-09-18T16:16:37Z,sources.txt,65,A
school-bit.ru,https://school-bit.ru,info@mob-edu.ru,81662458821,https://t.me/Superbitedu,https://vk.com/bit.school,,,7701410512,,772901001,tilda_site,IT,https://school-bit.ru/kontakty/;https://school-bit.ru#contact;https://school-bit.ru/polozhenie-o-politike-konfidencialnosti/;https://school-bit.ru/docs/;https://school-bit.ru/oferta,2026-09-18T16:16:44Z,sources.txt,75,A
school-bogdanova-fenshui.ru,https://school-bogdanova-fenshui.ru,,81401645499,,,,,525811100347,,,getcourse,Languages,https://school-bogdanova-fenshui.ru/about;https://school-bogdanova-fenshui.ru/oferta,2026-09-18T16:16:49Z,sources.txt,45,B
school-drozdova.ru,https://school-drozdova.ru,mama9999@inbox.ru,81401645499,,,,,262704356628,,,getcourse,Languages,https://school-drozdova.ru/oferta;https://school-drozdova.ru/about,2026-09-18T16:16:55Z,sources.txt,65,A
school-lanadok.ru,https://school-lanadok.ru,lanapodlipalina@yandex.ru,81401645499,,,,,302302358637,,,getcourse,IT,https://school-lanadok.ru/about;https://school-lanadok.ru/privacy;https://school-lanadok.ru/cms/system/contact,2026-09-18T16:17:00Z,sources.txt,65,A
school-wildmotiv.ru,https://school-wildmotiv.ru,,,,,,,,,,getcourse,Languages,https://school-wildmotiv.ru/about,2026-09-18T16:17:06Z,sources.txt,25,C
school38.ru,https://school38.ru,delo@levober.ru,+7 (914) 903-11-74,https://vk.com/levoberegik,https://vk.com/levoberegik,,,,,,tilda_site,IT,https://school38.ru/dokumenty;https://school38.ru/svedeniya_ob_obrazovatelnoj_organizacii,2026-09-18T16:17:11Z,sources.txt,65,A
schoolintegrity.ru,https://schoolintegrity.ru,,,,,,,,,,getcourse,Languages,https://schoolintegrity.ru/about,2026-09-18T16:17:17Z,sources.txt,25,C
schoolsweet.ru,https://schoolsweet.ru,,81659634600,https://t.me/sdobnikovaav,https://vk.com/rtrg?p=VK-RTRG-1226992-1qVXK,,,861504172040,,,getcourse,Languages,https://schoolsweet.ru#kont;https://schoolsweet.ru#onas;https://schoolsweet.ru/oferta,2026-09-18T16:17:24Z,sources.txt,55,A
script-shop.ru,https://script-shop.ru,info@script-shop.getcourse.ru,81401645499,https://t.me/nagiyan_gc,,,,246900531729,,,getcourse,Languages,https://script-shop.ru/oferta;https://script-shop.ru/about;https://script-shop.ru/cms/system/contact;https://script-shop.ru/policy,2026-09-18T16:17:30Z,sources.txt,75,A
semashki-school.ru,https://semashki-school.ru,,,,,,,,,,getcourse,IT,https://semashki-school.ru/about;https://semashki-school.ru/cms/system/contact,2026-09-18T16:17:36Z,sources.txt,25,C
sergey-krasnov.ru,https://sergey-krasnov.ru,meditation777@bk.ru,81401645499,,,,,166011317996,,,getcourse,IT,https://sergey-krasnov.ru/cms/system/contact;https://sergey-krasnov.ru/about,2026-09-18T16:17:41Z,sources.txt,65,A
sexolog-ivanov.ru,https://sexolog-ivanov.ru,info@courses-massages.ru,81401645499,,,,,463401266700,,,getcourse,Languages,https://sexolog-ivanov.ru/contact;https://sexolog-ivanov.ru/about;https://sexolog-ivanov.ru/Contract-offers,2026-09-18T16:17:47Z,sources.txt,65,A
shenshinayoga.ru,https://shenshinayoga.ru,,,,,,,,,,getcourse,Languages,https://shenshinayoga.ru/about,2026-09-18T16:17:52Z,sources.txt,25,C
shitovatheta.ru,https://shitovatheta.ru,info@shitovatheta.ru,81401645499,https://t.me/shitovatheta,,https://youtube.com/@shitovatheta,,470608471993,,,getcourse,IT,https://shitovatheta.ru/privacy;https://shitovatheta.ru/about;https://shitovatheta.ru/cms/system/contact;https://shitovatheta.ru/oferta,2026-09-18T16:17:58Z,sources.txt,75,A
shkola-slova.ru,https://shkola-slova.ru,Blkkosa@gmail.com,83432633065,https://t.me/SemyonMalyshkin,,,,343527286160,,,getcourse,IT,https://shkola-slova.ru/dogovor-oferta;https://shkola-slova.ru#rec923542219;https://shkola-slova.ru/policy,2026-09-18T16:18:03Z,sources.txt,75,A
shkolaelenakim.ru,https://shkolaelenakim.ru,info@shkolaelenakim.ru,81401645499,,,,,661707379301,,,getcourse,IT,https://shkolaelenakim.ru/cms/system/contact;https://shkolaelenakim.ru/oferta;https://shkolaelenakim.ru/about,2026-09-18T16:18:09Z,sources.txt,65,A
shkolamam.online,https://shkolamam.online,,81401645499,,,,,9731055900,1197746675170,773101001,getcourse,IT,https://shkolamam.online/about;https://shkolamam.online/privacy;https://shkolamam.online/oferta;https://shkolamam.online/cms/system/contact,2026-09-18T16:18:16Z,sources.txt,45,B
silazdorov.ru,https://silazdorov.ru,,,,,,,,,,getcourse,IT,https://silazdorov.ru/about,2026-09-18T16:18:21Z,sources.txt,25,C
simba-online.ru,https://simba-online.ru,,,,,,,,,,getcourse,IT,https://simba-online.ru/about;https://simba-online.ru/cms/system/contact,2026-09-18T16:18:27Z,sources.txt,25,C
sk.ru,https://sk.ru,admissions.gymn@sk.ru,+74959560033,https://t.me/oi_press,https://vk.com/fondskolkovo,https://www.youtube.com/channel/UC205Lv965jNaOrFGm5nufsg,,,,,unknown,Languages,https://sk.ru/fund-skolkovo/contacts/;https://sk.ru/fund-skolkovo/about-skolkovo/,2026-09-18T16:19:25Z,sources.txt,50,B
sketchprosto.ru,https://sketchprosto.ru,online@sketchprosto.ru,81401645499,,,,https://www.instagram.com/amalinavia/,504407942045,1197746675170,773101001,getcourse,Languages,https://sketchprosto.ru/privacy;https://sketchprosto.ru/cms/system/contact;https://sketchprosto.ru/oferta;https://sketchprosto.ru/about,2026-09-18T16:19:30Z,sources.txt,65,A
skillbox.ru,https://skillbox.ru,1-sm-v2@1x.avif,8 (800) 600-78-47,,https://vk.com/skillbox_education,https://www.youtube.com/iframe_api,,,,,unknown,IT,https://skillbox.ru/company/;https://skillbox.ru/legal-docs/chou/file/soglasie-na-poluchenie-reklamy/version-240425.pdf;https://skillbox.ru/extract.pdf;https://skillbox.ru/legal-docs/skillbox/file/terms_of_use/version-100226.pdf;https://skillbox.ru/contacts/;https://skillbox.ru/legal-docs/chou/file/soglasie_na_obrabotku_personalnyh_dannyh/version-170226.pdf;https://skillbox.ru/contacts,2026-09-18T16:20:19Z,sources.txt,50,B
skin-doctor.pro,https://skin-doctor.pro,ramazasia@mail.ru,88281501507,,,,,057200722093,,,getcourse,IT,https://skin-doctor.pro/cms/system/contact;https://skin-doctor.pro/oferta;https://skin-doctor.pro/about,2026-09-18T16:20:26Z,sources.txt,65,A
sky.pro,https://sky.pro,skypro-support@skyeng.ru,80744110220,https://t.me/skyprouniversity,https://vk.com/skypro.university,https://www.youtube.com/channel/UCagarNKSNfxzh1ZhNX8173A,,,,,tilda_site,IT,https://sky.pro/contacts;https://sky.pro/about;https://sky.pro/dogovor,2026-09-18T16:20:38Z,sources.txt,65,A
sleepbabyandmom.online,https://sleepbabyandmom.online,id_vs_ego@mail.ru,81401645499,,,,,772082011760,,,getcourse,IT,https://sleepbabyandmom.online/oferta;https://sleepbabyandmom.online/cms/system/contact;https://sleepbabyandmom.online/privacy;https://sleepbabyandmom.online/about,2026-09-18T16:20:44Z,sources.txt,65,A
slobodina-school.ru,https://slobodina-school.ru,,,,,,,,,,getcourse,IT,https://slobodina-school.ru/about;https://slobodina-school.ru/cms/system/contact,2026-09-18T16:20:51Z,sources.txt,25,C
soft-math.ru,https://soft-math.ru,,,,,,,,,,getcourse,Languages,https://soft-math.ru/about,2026-09-18T16:21:14Z,sources.txt,25,C
sokolianska.ru,https://sokolianska.ru,,+79252765529,https://t.me/Irinasokolanska,https://vk.com/irina_sokolanska,,https://www.instagram.com/irinasokolianska,,,,unknown,Languages,https://sokolianska.ru/#contact;https://sokolianska.ru/politika-konfidiczialnosti/;https://sokolianska.ru,2026-09-18T16:21:23Z,sources.txt,30,C
sonprosto.ru,https://sonprosto.ru,cucareva@yandex.ru,85402346717,https://t.me/gv_pricorm_son,https://vk.com/club211793221,,https://instagram.com/doctor_pro_son/,564902047976,,,tilda_site,IT,https://sonprosto.ru/privacy;https://sonprosto.ru/oferta,2026-09-18T16:21:30Z,sources.txt,75,A
soulfuldolls.ru,https://soulfuldolls.ru,soulfuldolls@gmail.com,84530274305,http://t.me/soulfuldolls,https://vk.com/soulfuldolls,,,,,,unknown,IT,https://soulfuldolls.ru/contacts;https://soulfuldolls.ru/about,2026-09-18T16:21:34Z,sources.txt,50,B
sozavi-vyhod.ru,https://sozavi-vyhod.ru,sozavi-vyhod@yandex.ru,81401645499,https://t.me/sozavivyhod,https://vk.com/club200414311,,,772737248280,,,getcourse,IT,https://sozavi-vyhod.ru/about,2026-09-18T16:21:39Z,sources.txt,75,A
spiritway.space,https://spiritway.space,Pelevina@bk.ru,81401645499,,,,,772005980576,,,getcourse,IT,https://spiritway.space/about;https://spiritway.space/cms/system/contact;https://spiritway.space/oferta;https://spiritway.space/privacy,2026-09-18T16:21:45Z,sources.txt,65,A
sravni-labs.ru,https://sravni-labs.ru,3d38c219b1e8133756316573b1f598b5@sentry.sravni-team.ru,+7 800 600 29 36,https://t.me/SravniLabsRu,,,,9731038662,1197746285021,,unknown,IT,https://sravni-labs.ru/offer;https://sravni-labs.ru/privacy,2026-09-18T16:21:56Z,sources.txt,60,A
stepik.org,https://stepik.org,02512a17a855726842111df1db18cf51@sentry.stepik.net,85572684211,"https://t.me/stepik_courses\u0022,","https://vk.com/rustepik\u0022,",https://www.youtube.com/@stepik_education,,7814225454,1157847164309,,tilda_site,IT,http://welcome.stepik.org/ru/contacts;http://welcome.stepik.org/ru/privacy;http://welcome.stepik.org/ru/about,2026-09-18T16:22:02Z,sources.txt,75,A
stileobrazovanie.online,https://stileobrazovanie.online,beyond@stileobrazovanie.ru,81401645499,,,,,540702423486,,,getcourse,IT,https://stileobrazovanie.online/about;https://stileobrazovanie.online/oferta;https://stileobrazovanie.online/cms/system/contact,2026-09-18T16:22:09Z,sources.txt,65,A
studiya-pasteli.ru,https://studiya-pasteli.ru,i.artamon@gmail.com,81401645499,,,,,344205310251,,,getcourse,Languages,https://studiya-pasteli.ru/privacypolicy;https://studiya-pasteli.ru/legal;https://studiya-pasteli.ru/about,2026-09-18T16:22:14Z,sources.txt,65,A
sturbasowa.ru,https://sturbasowa.ru,,,,,,,,,,unknown,IT,,2026-09-18T16:22:18Z,sources.txt,10,C
sufficient.ru,https://sufficient.ru,msviridov@inbox.ru,83952227155,,,,,773111337094,,,getcourse,Languages,https://sufficient.ru/privacy;https://sufficient.ru/oferta;https://sufficient.ru/about,2026-09-18T16:22:23Z,sources.txt,65,A
superviso.it,https://superviso.it,info@superviso.it,85318512780,https://t.me/super_viso_pro,,https://youtube.com/@Super_Viso?si=yLG1JAvkx3uDVuaI,https://www.instagram.com/p/Bt2pyjglX4jlHeaNJJAngNq0vlAYLMPYuVhNWQ0/?hl=ru,461901811260,,,getcourse,IT,https://superviso.it/cms/system/contact;https://superviso.it/about;https://superviso.it/contacts;https://superviso.it/oferta,2026-09-18T16:22:29Z,sources.txt,75,A
suvorova.bz,https://suvorova.bz,allergolog@suvorova.bz,81986311679,https://t.me/drsuvorova,https://vk.com/dr.valentina.suvorova,https://youtube.com/@dr.Valentina.Suvorova,https://instagram.com/dr.valentina.suvorova,772810873931,,,tilda_site,IT,https://suvorova.bz/contact;https://suvorova.bz/#aboutme;https://suvorova.bz/policy;https://suvorova.bz/#contact,2026-09-18T16:22:35Z,sources.txt,75,A
sveetyakovleva.ru,https://sveetyakovleva.ru,,81401645499,,,,,525628137309,,,getcourse,IT,https://sveetyakovleva.ru/cms/system/contact;https://sveetyakovleva.ru/oferta;https://sveetyakovleva.ru/about,2026-09-18T16:22:41Z,sources.txt,45,B
svet-dao.ru,https://svet-dao.ru,,,,,,,,,,getcourse,IT,https://svet-dao.ru/about;https://svet-dao.ru/cms/system/contact,2026-09-18T16:22:46Z,sources.txt,25,C
svetlanabakum.ru,https://svetlanabakum.ru,Rarity07@mail.ru,,https://t.me/svetlana_bakum,,,,100701641502,,,tilda_site,IT,,2026-09-18T16:22:52Z,sources.txt,65,A
svetlayayoga.ru,https://svetlayayoga.ru,,,,,,,,,,getcourse,IT,https://svetlayayoga.ru/about,2026-09-18T16:22:58Z,sources.txt,25,C
svetlitsa-istokov.ru,https://svetlitsa-istokov.ru,svetlitsaistokov@mail.ru,81781074015,,,,,236605288140,,,getcourse,Languages,https://svetlitsa-istokov.ru/about;https://svetlitsa-istokov.ru/oferta;https://svetlitsa-istokov.ru/cookie-policy,2026-09-18T16:23:04Z,sources.txt,65,A
synthesismed.ru,https://synthesismed.ru,,,,,,,,,,getcourse,IT,https://synthesismed.ru/cms/system/contact;https://synthesismed.ru/about,2026-09-18T16:24:00Z,sources.txt,25,C
tamarakuzina.com,https://tamarakuzina.com,,,,,,,,,,getcourse,IT,https://tamarakuzina.com/about;https://tamarakuzina.com/cms/system/contact,2026-09-18T16:24:06Z,sources.txt,25,C
tanimol.ru,https://tanimol.ru,for.kta@gmail.com,81401645499,,https://vk.com/tanyatrainer,https://www.youtube.com/channel/UCgAV4QLCWPwsH0irOVHZ87A,https://www.instagram.com/tani.mol?igsh=MWt5cm44cXozamZwcg==,590317190190,,,getcourse,Languages,https://tanimol.ru/legal;https://tanimol.ru/about,2026-09-18T16:24:11Z,sources.txt,75,A
tanya-san.ru,https://tanya-san.ru,info@tanya-san.ru,87688627849,,,,,545209159418,,,getcourse,Languages,https://tanya-san.ru/oferta;https://tanya-san.ru/about,2026-09-18T16:24:16Z,sources.txt,65,A
taradream.ru,https://taradream.ru,,81401645499,,,,,233400264840,,,getcourse,IT,https://taradream.ru/oferta;https://taradream.ru/cms/system/contact;https://taradream.ru/about,2026-09-18T16:24:22Z,sources.txt,45,B
tattva-yoga.site,https://tattva-yoga.site,info@tattva-yoga.site,81401645499,,,,,773165015304,,,getcourse,IT,https://tattva-yoga.site/oferta;https://tattva-yoga.site/about;https://tattva-yoga.site/cms/system/contact,2026-09-18T16:24:28Z,sources.txt,65,A
tatyana-timofeeva.ru,https://tatyana-timofeeva.ru,,81401645499,,,,,910206731485,,,getcourse,IT,https://tatyana-timofeeva.ru/about,2026-09-18T16:24:33Z,sources.txt,45,B
tbank.ru,https://tbank.ru,,8883-0000353,https://t.me/tbank/,https://vk.com/tbank/,,,,1177746287498,,unknown,IT,https://tbank.ru/about;https://tbank.ru/about/exchange/;https://tbank.ru/company;https://cdn.tbank.ru/static/documents/business-docs-list-lending-terms.pdf,2026-09-18T16:24:42Z,sources.txt,40,B
teamcoachofgod.ru,https://teamcoachofgod.ru,,,,,,,,,,getcourse,Languages,https://teamcoachofgod.ru/about,2026-09-18T16:24:48Z,sources.txt,25,C
telegram.me,https://telegram.me,,,https://t.me/contacts,,,,,,,unknown,IT,https://telegram.me/faq;https://telegram.me/contacts;https://telegram.me/rekvizity;https://telegram.me/about;https://telegram.me/license;https://telegram.me/company;https://telegram.me/docs;https://telegram.me/oferta;https://telegram.me/contact;https://telegram.me/privacy,2026-09-18T16:24:52Z,sources.txt,20,C
testoclub.ru,https://testoclub.ru,testoclub@yandex.ru,81401645499,https://t.me/infotestoclub,https://vk.com/elenaban,,,433401353591,,,getcourse,IT,https://testoclub.ru#cont;https://testoclub.ru/privacy;https://testoclub.ru/dogofert,2026-09-18T16:24:57Z,sources.txt,75,A
tetrisschool.space,https://tetrisschool.space,,,,,,,,,,getcourse,Languages,https://tetrisschool.space/about,2026-09-18T16:25:02Z,sources.txt,25,C
tim-lider.ru,https://tim-lider.ru,BIMLeader@yandex.ru,81401645499,,,,,665915049164,,,getcourse,Languages,https://tim-lider.ru/about;https://tim-lider.ru/oferta,2026-09-18T16:25:07Z,sources.txt,65,A
tkachovanatali.ru,https://tkachovanatali.ru,info@tkachovanatali.ru,81401645499,,,,,370500266700,,,getcourse,IT,https://tkachovanatali.ru/about;https://tkachovanatali.ru/cms/system/contact;https://tkachovanatali.ru/oferta,2026-09-18T16:25:13Z,sources.txt,65,A
totalmarket.tech,https://totalmarket.tech,,81401645499,,,,,570701100403,,,getcourse,Languages,https://totalmarket.tech/oferta;https://totalmarket.tech/about,2026-09-18T16:25:20Z,sources.txt,45,B
town.su,https://town.su,,81401645499,,,,,773500143817,,,getcourse,Languages,https://town.su/about,2026-09-18T16:25:24Z,sources.txt,45,B
trendologia.ru,https://trendologia.ru,support@trendologia.ru,86136343266,https://t.me/trendologia,,,https://www.instagram.com/trendologiaa/,772794918808,,,tilda_site,IT,https://www.trendologia.ru/offer;https://www.trendologia.ru/policy;https://trendologia.ru#rec746550713,2026-09-18T16:25:33Z,sources.txt,75,A
tutorial-vozmozhnostey.ru,https://tutorial-vozmozhnostey.ru,,,,,,,,,,getcourse,IT,https://tutorial-vozmozhnostey.ru/cms/system/contact;https://tutorial-vozmozhnostey.ru/about,2026-09-18T16:25:38Z,sources.txt,25,C
tverdikova-club.ru,https://tverdikova-club.ru,,81401645499,,,,,501906110216,,,getcourse,IT,https://tverdikova-club.ru/about;https://tverdikova-club.ru;https://tverdikova-club.ru/oferta,2026-09-18T16:25:45Z,sources.txt,45,B
twitter.com,https://twitter.com,,84297748746,,,,,,,,unknown,Other,https://twitter.com/about,2026-09-18T16:25:57Z,sources.txt,10,C
ugol-molodosti.ru,https://ugol-molodosti.ru,,81401645499,,,,,505303087701,,,getcourse,Languages,https://ugol-molodosti.ru/about,2026-09-18T16:26:02Z,sources.txt,45,B
uspmassazhist.ru,https://uspmassazhist.ru,,,,,,,,,,getcourse,Languages,https://uspmassazhist.ru/about,2026-09-18T16:26:08Z,sources.txt,25,C
uznetix.com,https://uznetix.com,support@uznetix.com,83223930308,https://t.me/uznetix,,https://instagram.com/uznetix,https://t.me/uznetix,,,,tilda_site,IT,https://uznetix.com/privacy;https://uznetix.com/oferta,2026-09-18T16:26:13Z,sources.txt,65,A
vakhitova.ru,https://vakhitova.ru,polina@vakhitova.ru,,https://t.me/polinavakhitova/,https://vk.com/topic-53889359_28379578?offset=80&ref=vakhitova.ru,,https://www.instagram.com/vakhitova_school/,,,,unknown,Languages,https://vakhitova.ru/about/;https://vakhitova.ru/about,2026-09-18T16:26:19Z,sources.txt,40,B
valentinapotapova.ru,https://valentinapotapova.ru,valapteva@yandex.ru,83105139299,https://t.me/b_e_a_r_t,,,https://www.instagram.com/b_e___a_r_t/,594806364403,,,getcourse,Languages,https://valentinapotapova.ru/oferta;https://valentinapotapova.ru#1;https://valentinapotapova.ru/cms/system/contact;https://valentinapotapova.ru/about,2026-09-18T16:26:26Z,sources.txt,75,A
vash-13-psyholog.ru,https://vash-13-psyholog.ru,arina.gordeeva.psy@mail.ru,81401645499,,,,,7707083893,,773643001,getcourse,IT,https://vash-13-psyholog.ru/oferta;https://vash-13-psyholog.ru/about;https://vash-13-psyholog.ru/cms/system/contact,2026-09-18T16:26:32Z,sources.txt,65,A
vassastudio.ru,https://vassastudio.ru,info@vassastudio.ru,81401645499,,https://vk.com/vassa_studio,https://www.youtube.com/@PechoryFloristics,,602100112220,,,getcourse,Languages,https://vassastudio.ru#contacts;https://vassastudio.ru/privacy;https://vassastudio.ru/oferta;https://vassastudio.ru/about,2026-09-18T16:26:42Z,sources.txt,75,A
vastu-pushya.online,https://vastu-pushya.online,,,,,,,,,,getcourse,IT,https://vastu-pushya.online/cms/system/contact;https://vastu-pushya.online/about,2026-09-18T16:26:48Z,sources.txt,25,C
vechnostvremeni.ru,https://vechnostvremeni.ru,vecnostvremeni@gmail.com,81401645499,https://t.me/Vera_Polukarpikova,,,,504210414457,,773643002,getcourse,Languages,https://vechnostvremeni.ru/about;https://vechnostvremeni.ru/oferta,2026-09-18T16:26:53Z,sources.txt,75,A
vedacentr.space,https://vedacentr.space,info@vedacentr.space,81401645499,,,,,720401344321,,,getcourse,Languages,https://vedacentr.space/about;https://vedacentr.space/cms/system/contact;https://vedacentr.space#1,2026-09-18T16:26:58Z,sources.txt,65,A
vegerafit.ru,https://vegerafit.ru,info@vegerafit.ru,81401645499,,,,,025606981346,,027802001,getcourse,IT,https://vegerafit.ru/oferta;https://vegerafit.ru/about;https://vegerafit.ru/cms/system/contact,2026-09-18T16:27:04Z,sources.txt,65,A
vinvaleri.ru,https://vinvaleri.ru,vinvaleri.99@mail.ru,81401645499,https://t.me/vinvaleri_wellness,,,,501814294404,,,getcourse,IT,https://vinvaleri.ru/privacypolicy;https://vinvaleri.ru/legal;https://vinvaleri.ru/contacts;https://vinvaleri.ru/about,2026-09-18T16:27:12Z,sources.txt,75,A
vitalinapsy.ru,https://vitalinapsy.ru,finogenovi@mail.ru,81401645499,https://t.me/VitaForYou,https://vk.com/id310945137,,,772162946180,,,getcourse,Languages,https://vitalinapsy.ru/about;https://vitalinapsy.ru/privacypolicy;https://vitalinapsy.ru/legal,2026-09-18T16:27:18Z,sources.txt,75,A
vitiligopro.com,https://vitiligopro.com,dietconsult@mail.ru,81830704556,https://t.me/neirotherapy,,,,781802846939,,,tilda_site,IT,https://vitiligopro.com/oferta,2026-09-18T16:27:23Z,sources.txt,75,A
vkontakte.ru,https://vkontakte.ru,75b6a20df0014dbc8cf4d074eeeea6c5@stacks.vk-portal.net,82467538203,,https://vk.com/wall-19542789_200541|YML,,,,,,unknown,IT,https://vkontakte.ru/oferta;https://vkontakte.ru/docs;https://vkontakte.ru/license;https://vkontakte.ru/contact;https://vkontakte.ru/contacts;https://vkontakte.ru/about;https://vkontakte.ru/privacy;https://vkontakte.ru/company;https://vkontakte.ru/rekvizity,2026-09-18T16:27:35Z,sources.txt,50,B
vkuslife.pro,https://vkuslife.pro,info@vkuslife.pro,+79273199075,,,,,027613960069,,,getcourse,Languages,https://vkuslife.pro/oferta;https://vkuslife.pro/cookie-policy;https://vkuslife.pro/about,2026-09-18T16:27:41Z,sources.txt,65,A
voicesun.ru,https://voicesun.ru,voicesun@reznik-1.ru,+79999999999,https://t.me/Diagnostikagolos_bot,https://vk.com/app6379730_-98904545?ref=group_menu,,,,,,getcourse,IT,,2026-09-18T16:27:51Z,sources.txt,65,A
voicewithpotanina.ru,https://voicewithpotanina.ru,,,,,,,,,,getcourse,IT,https://voicewithpotanina.ru/cms/system/contact;https://voicewithpotanina.ru/about,2026-09-18T16:27:57Z,sources.txt,25,C
volosovacolor.pro,https://volosovacolor.pro,,82983840000,,,,,,,,tilda_site,IT,,2026-09-18T16:28:02Z,sources.txt,35,B
vseomalyshax.ru,https://vseomalyshax.ru,,81401645499,,,,,762201004616,1197746675170,773101001,getcourse,IT,https://vseomalyshax.ru/oferta;https://vseomalyshax.ru/privacy;https://vseomalyshax.ru/cms/system/contact;https://vseomalyshax.ru/about,2026-09-18T16:28:08Z,sources.txt,45,B
vshsnv.ru,https://vshsnv.ru,,,,,,,,,,getcourse,IT,https://vshsnv.ru/about;https://vshsnv.ru/cms/system/contact,2026-09-18T16:28:14Z,sources.txt,25,C
wandermasha.ru,https://wandermasha.ru,wander-masha@yandex.com,82232170617,https://t.me/WMasha_bot,,https://www.youtube.com/shorts/AtHjRlHd9qE,https://instagram.com/wander_masha,054201507600,,,getcourse,IT,https://wandermasha.ru/document3;https://wandermasha.ru/document4,2026-09-18T16:28:19Z,sources.txt,75,A
webinar-lesson.ru,https://webinar-lesson.ru,info@webinar-lesson.ru,81401645499,https://t.me/share/url?url=,https://vk.com/rtrg?p=VK-RTRG-379565-8oj6S,,,231803474484,,,getcourse,IT,https://webinar-lesson.ru/oferta;https://webinar-lesson.ru/cms/system/contact;https://webinar-lesson.ru/cms/system/legal;https://webinar-lesson.ru/about,2026-09-18T16:28:25Z,sources.txt,75,A
whatsapp.com,https://whatsapp.com,,86913019614,,,https://www.youtube.com/channel/UCAuerig2N-RZWJT8x75V9yw,https://www.instagram.com/whatsapp/?hl=en,,,,unknown,IT,https://whatsapp.com/contact;https://www.whatsapp.com/privacy;https://www.whatsapp.com/contact;https://whatsapp.com/privacy;https://www.whatsapp.com/about,2026-09-18T16:28:31Z,sources.txt,30,C
x.com,https://x.com,,89748912736,,,,,,,,unknown,Other,https://about.x.com,2026-09-18T16:28:35Z,sources.txt,10,C
xristi.ru,https://xristi.ru,vikavetrova@gmail.com,82190393717,,,,,,,,tilda_site,IT,https://xristi.ru/oferta,2026-09-18T16:28:39Z,sources.txt,55,A
yamsclub.ru,https://yamsclub.ru,elena@yamskih.ru,81401645499,https://t.me/yams_ostrov,,,,246102546707,,,getcourse,IT,https://yamsclub.ru/about;https://yamsclub.ru/cms/system/contact;https://yamsclub.ru/oferta,2026-09-18T16:28:45Z,sources.txt,75,A
yasinskayapsy.ru,https://yasinskayapsy.ru,yasinskaya.psy@mail.ru,81401645499,,,,,591806862259,,,getcourse,Languages,https://yasinskayapsy.ru/oferta;https://yasinskayapsy.ru/about,2026-09-18T16:28:51Z,sources.txt,65,A
yoga-akademy.ru,https://yoga-akademy.ru,,81401645499,,,,,890508279898,1027700132195,890402001,getcourse,IT,https://yoga-akademy.ru/oferta;https://yoga-akademy.ru/about,2026-09-18T16:28:56Z,sources.txt,45,B
yoga-love-club.ru,https://yoga-love-club.ru,,,,,,,,,,getcourse,Languages,https://yoga-love-club.ru/about,2026-09-18T16:29:02Z,sources.txt,25,C
yogafitmelnikova.ru,https://yogafitmelnikova.ru,,,,,,,,,,getcourse,Languages,https://yogafitmelnikova.ru/about,2026-09-18T16:29:07Z,sources.txt,25,C
yogaforlife.space,https://yogaforlife.space,,,,,,,,,,getcourse,IT,https://yogaforlife.space/about;https://yogaforlife.space/cms/system/contact,2026-09-18T16:29:13Z,sources.txt,25,C
yogavpomoshmame.ru,https://yogavpomoshmame.ru,Nadya.sergeeva.novosib@gmail.com,81401645499,"https://t.me/yogavpomoshmame,","https://t.me/yogavpomoshmame,",,,540860102478,,,getcourse,IT,https://yogavpomoshmame.ru/cms/system/contact;https://yogavpomoshmame.ru/privacy;https://yogavpomoshmame.ru/oferta;https://yogavpomoshmame.ru/about,2026-09-18T16:29:19Z,sources.txt,75,A
yozhmatematik.ru,https://yozhmatematik.ru,info@yozhmatematik.ru,85677199781,https://t.me/yozhMatematik,https://vk.com/yozhmatematik,https://www.youtube.com/channel/UCgWSBxTAml7TIvPbo1JExmA,,370650379639,,,getcourse,IT,https://yozhmatematik.ru/about;https://yozhmatematik.ru/privacy;https://yozhmatematik.ru/oferta;https://yozhmatematik.ru/contacts;https://yozhmatematik.ru/cms/system/contact,2026-09-18T16:29:25Z,sources.txt,75,A
yusupof.ru,https://yusupof.ru,mail@yusupof.ru,81401645499,https://t.me/Yusupova_EA,https://vk.com/smysly_budushchego,https://www.youtube.com/channel/UCN05h67U8alPsDB4oPbJm9g,,471006512901,,,getcourse,IT,https://yusupof.ru/oferta;https://yusupof.ru/about;https://yusupof.ru/kontakt,2026-09-18T16:29:31Z,sources.txt,75,A
zaharenkoschool.online,https://zaharenkoschool.online,,,,,,,,,,getcourse,IT,https://zaharenkoschool.online/about;https://zaharenkoschool.online/cms/system/contact,2026-09-18T16:29:37Z,sources.txt,25,C
zdorovuedetki.ru,https://zdorovuedetki.ru,nastyakravchenko1995@mail.ru,81401645499,,,,,650118073227,,,getcourse,Languages,https://zdorovuedetki.ru/privacy;https://zdorovuedetki.ru/about,2026-09-18T16:29:42Z,sources.txt,65,A
zeminvst.ru,https://zeminvst.ru,zeminvst@gmail.com,86232601016,https://t.me/zem_inv,,,,781712612277,,,tilda_site,IT,https://zeminvst.ru/oferta,2026-09-18T16:29:47Z,sources.txt,75,A
zerkalomoda.ru,https://zerkalomoda.ru,,85008509554,,,,,583601924494,,,getcourse,Languages,https://zerkalomoda.ru/about,2026-09-18T16:29:53Z,sources.txt,45,B
zhiruk-school.ru,https://zhiruk-school.ru,,,,,,,,,,getcourse,IT,https://zhiruk-school.ru/about;https://zhiruk-school.ru/cms/system/contact,2026-09-18T16:29:59Z,sources.txt,25,C
zhivoygolos.space,https://zhivoygolos.space,,,,,,,,,,getcourse,IT,https://zhivoygolos.space/about;https://zhivoygolos.space/cms/system/contact,2026-09-18T16:30:05Z,sources.txt,25,C
zhiznevskaya.ru,https://zhiznevskaya.ru,info@alexandrazhiznevskaya.getcourse.ru,81401645499,,,,,9731055900,,,getcourse,IT,https://zhiznevskaya.ru/cms/system/contact;https://zhiznevskaya.ru/oferta;https://zhiznevskaya.ru/about,2026-09-18T16:30:12Z,sources.txt,65,A
zhuchkovaschool.ru,https://zhuchkovaschool.ru,,,,,,,,,,getcourse,IT,https://zhuchkovaschool.ru/about;https://zhuchkovaschool.ru/cms/system/contact,2026-09-18T16:30:18Z,sources.txt,25,C
